Film_id,Production_id
2,1
2,2
5,3
14,4
14,5
14,6
16,7
16,8
16,9
18,10
18,11
19,12
26,13
41,14
41,15
41,16
41,17
41,18
42,19
44,20
44,21
45,22
45,23
45,24
48,25
48,26
50,27
51,28
55,29
55,30
55,31
55,32
55,33
58,34
58,35
58,36
59,37
60,38
60,39
60,40
60,41
60,42
61,43
65,44
79,45
80,46
80,47
81,48
81,49
81,50
83,51
85,52
85,53
86,54
87,55
89,56
90,57
90,58
90,59
93,60
93,61
94,62
95,63
95,64
95,65
96,66
96,67
96,68
97,69
101,70
102,71
102,72
104,73
104,74
104,75
104,76
104,77
105,78
105,79
105,80
108,81
109,82
109,83
109,84
109,85
110,86
111,57
111,87
112,88
113,89
114,90
114,91
114,92
114,93
114,94
114,95
115,46
115,96
115,97
118,98
118,1
118,99
118,5
119,17
119,100
121,101
121,102
121,46
123,103
123,104
124,105
127,63
127,106
127,107
129,108
129,109
130,110
131,111
132,52
133,112
133,113
133,114
133,115
133,116
133,117
134,108
136,78
136,118
139,119
139,120
139,121
139,122
140,123
142,1
144,71
144,124
145,125
146,52
146,126
147,127
147,128
147,129
147,130
148,131
151,46
151,132
151,133
152,1
153,17
153,134
153,135
153,136
153,137
153,138
153,139
154,140
155,141
156,103
156,142
157,143
157,17
157,144
157,145
158,146
159,52
160,147
164,17
164,146
169,111
169,148
170,140
174,149
174,150
174,92
174,151
174,152
174,153
176,154
179,88
183,110
184,155
184,71
185,156
187,63
188,1
188,157
193,158
194,111
194,159
196,160
198,56
198,71
198,161
198,162
199,140
201,104
201,163
202,164
202,165
202,166
202,167
202,168
203,169
203,60
204,170
204,171
204,172
204,173
204,174
204,175
204,176
204,177
204,178
204,179
204,180
204,181
204,182
204,183
204,184
204,185
205,186
207,187
208,188
208,189
208,190
210,191
210,71
210,192
210,193
212,194
212,74
213,66
213,160
213,195
215,28
220,50
220,196
223,197
224,198
224,199
224,200
224,201
224,202
226,203
226,204
227,88
227,205
229,79
230,206
232,46
233,188
234,17
234,207
234,208
234,78
237,101
238,209
242,52
244,210
247,155
247,71
249,71
253,147
254,79
256,211
256,212
256,151
258,213
258,168
261,214
262,215
262,216
264,71
266,111
267,217
267,218
268,219
268,168
270,220
270,221
270,222
270,223
270,224
270,225
270,226
270,227
271,140
272,228
272,229
272,230
272,231
272,232
274,1
274,2
276,92
276,233
277,234
278,17
278,235
279,52
281,236
281,237
281,238
281,239
281,240
281,241
281,242
281,243
281,244
281,245
281,246
281,247
281,248
281,249
281,250
281,251
281,252
282,78
282,253
283,110
285,66
286,10
286,254
286,2
287,193
287,188
287,255
287,1
288,256
289,257
289,86
290,258
290,105
291,259
291,260
291,261
292,262
295,66
295,263
295,264
297,265
297,266
297,267
297,111
299,268
307,269
307,270
307,271
313,272
313,273
313,274
313,275
315,28
316,276
316,277
318,79
318,118
319,278
319,78
319,279
319,280
323,281
323,25
326,63
326,282
327,283
332,284
334,285
334,105
334,286
335,214
337,287
343,288
343,289
343,290
343,291
343,292
348,83
348,293
350,258
357,294
357,295
360,1
360,296
362,297
365,285
365,298
366,258
366,105
369,110
371,105
374,299
374,300
377,301
378,152
378,92
380,71
380,302
380,56
381,303
381,63
381,304
381,305
381,306
382,71
382,307
383,308
385,309
385,310
387,311
387,312
387,231
387,313
387,314
389,1
390,155
392,315
395,10
395,316
395,317
398,138
398,318
400,1
400,319
402,63
402,191
402,192
403,56
403,215
403,188
405,88
405,320
405,253
406,82
406,321
412,322
412,323
413,324
414,325
414,66
414,229
414,160
414,326
415,285
415,1
417,327
417,328
420,275
420,329
420,330
420,331
420,332
428,326
428,71
428,295
428,193
430,333
433,334
441,335
443,336
444,337
444,66
444,338
444,339
445,340
445,341
445,342
446,125
446,343
447,188
447,277
450,344
451,326
454,35
455,345
457,346
457,347
457,326
459,348
463,71
463,349
463,103
468,159
472,350
475,309
475,95
475,351
475,214
475,352
475,353
475,354
476,285
476,355
476,356
478,155
478,357
478,71
486,10
486,358
486,359
487,360
493,101
493,361
493,362
498,363
498,364
498,365
498,366
498,367
498,1
498,108
498,368
499,209
500,277
500,369
501,140
503,370
503,371
507,188
507,372
507,262
509,373
512,374
512,79
512,104
513,111
513,375
513,376
516,377
516,378
516,379
516,380
520,27
521,381
523,382
523,374
523,104
523,17
524,161
524,266
526,383
526,188
526,384
526,385
528,386
528,387
528,169
529,388
531,140
531,225
533,15
533,389
534,71
534,103
534,390
535,387
540,351
541,391
541,392
541,393
541,394
541,395
542,396
544,397
545,188
545,108
545,398
546,399
546,400
546,266
546,401
546,402
546,109
546,403
547,285
547,404
549,405
551,406
551,407
552,408
553,409
553,188
553,406
553,410
557,411
560,412
563,413
568,414
573,46
573,233
575,63
575,415
576,25
576,1
576,416
576,296
576,417
579,418
579,419
579,17
581,420
585,104
586,223
586,421
588,361
589,422
590,285
590,423
591,63
591,106
592,424
592,425
597,426
597,427
600,428
600,429
600,430
600,431
603,432
603,433
603,434
603,435
603,436
603,437
603,438
603,439
603,440
603,441
603,442
603,443
603,444
603,445
603,330
603,446
603,240
603,273
603,269
603,447
603,448
603,449
606,450
606,451
606,452
606,257
609,453
617,454
618,455
619,155
622,453
625,456
629,457
629,280
629,458
629,459
632,460
632,259
633,461
634,462
634,205
636,232
636,463
636,66
636,464
636,68
636,465
641,209
642,71
642,325
642,83
643,466
644,467
644,468
644,469
646,140
647,470
651,234
652,471
654,223
654,472
654,473
654,474
655,475
655,476
660,477
663,266
663,277
665,478
668,479
668,10
668,480
668,481
668,140
669,258
669,105
670,482
673,483
673,296
673,484
680,485
680,486
680,487
682,152
682,46
682,488
682,92
683,489
683,490
685,491
685,492
687,493
689,110
690,494
690,495
692,433
693,496
693,497
693,498
695,28
699,78
699,499
701,500
701,296
701,501
703,502
705,376
709,258
709,105
712,503
716,504
716,5
716,505
716,506
717,507
717,63
717,296
717,151
717,508
718,509
726,101
726,152
727,510
727,131
727,511
727,296
728,512
728,296
728,513
728,514
728,515
728,516
728,517
728,518
730,519
730,520
733,521
736,522
738,523
738,524
738,525
741,285
741,526
741,481
742,527
746,234
748,285
748,528
748,15
751,104
751,17
751,529
751,103
751,530
752,46
752,531
755,481
755,532
756,533
756,534
756,334
756,535
757,83
757,536
758,223
758,448
758,421
759,537
760,63
760,286
761,538
761,71
761,539
761,214
761,540
763,223
763,541
763,1
763,85
763,542
763,326
764,543
764,544
768,545
770,546
771,547
775,17
775,531
780,158
782,78
782,548
782,451
783,549
783,550
783,551
783,552
784,285
784,553
784,554
786,555
786,223
786,556
792,557
795,558
795,559
796,560
796,561
796,562
798,10
799,563
799,88
799,205
799,564
800,565
800,188
800,345
800,566
800,567
802,52
803,385
803,56
803,568
803,569
803,570
803,188
803,571
805,572
805,351
805,573
805,214
809,574
809,63
809,575
809,362
815,539
815,576
816,63
817,154
818,576
822,140
823,577
823,92
823,282
823,578
824,63
824,579
825,580
826,1
828,294
829,88
829,581
833,56
833,86
833,582
834,583
834,448
834,223
834,244
834,269
834,584
835,514
835,585
835,586
836,587
839,588
839,589
840,354
840,590
849,591
851,214
851,592
851,547
854,63
854,593
854,594
861,193
861,595
862,596
863,154
863,597
863,598
865,599
870,600
871,601
871,5
871,602
871,603
873,604
878,605
881,606
881,351
881,73
881,214
881,607
883,292
884,608
884,609
884,610
884,387
884,611
884,256
884,16
885,555
885,556
886,612
886,613
886,614
886,93
886,451
886,233
886,615
893,616
893,617
893,88
893,223
893,71
893,126
895,618
895,619
895,223
895,620
895,600
895,555
896,285
896,404
896,621
899,158
901,622
901,623
902,105
904,624
905,625
908,46
908,626
909,627
909,449
909,628
909,584
911,285
911,356
916,629
917,1
917,630
917,631
919,71
925,632
925,68
925,633
925,634
925,635
931,636
932,298
932,637
932,71
932,638
932,639
934,640
936,641
938,339
938,638
941,642
941,643
941,644
941,645
941,628
941,646
941,244
941,647
941,223
941,648
941,649
941,352
941,650
943,110
945,45
952,651
952,652
952,653
955,654
955,168
956,655
957,500
961,656
962,657
964,658
964,182
964,282
964,659
964,516
965,140
966,626
966,660
966,661
967,662
980,663
980,664
980,665
980,666
980,667
986,668
989,161
990,63
990,669
990,670
991,78
991,671
994,158
995,672
997,140
997,466
998,673
998,674
999,516
1000,675
1001,676
1001,353
1002,677
1002,266
1003,678
1003,188
1003,679
1003,385
1009,680
1012,681
1012,682
1012,683
1012,292
1015,684
1018,685
1018,686
1019,687
1019,688
1021,689
1025,690
1028,691
1028,159
1028,544
1034,668
1035,692
1037,693
1038,88
1038,133
1038,694
1044,141
1044,53
1049,695
1049,696
1049,697
1049,698
1049,699
1049,700
1049,701
1049,702
1049,703
1053,704
1055,368
1055,705
1057,140
1059,706
1059,407
1059,707
1059,708
1059,709
1059,710
1059,711
1059,648
1060,110
1067,712
1068,568
1068,713
1073,92
1073,714
1073,152
1077,677
1077,266
1079,355
1079,715
1079,716
1081,331
1081,717
1081,330
1081,275
1084,718
1087,719
1088,720
1093,516
1093,721
1093,722
1093,723
1095,88
1095,581
1097,724
1098,725
1099,726
1099,727
1099,728
1099,697
1099,729
1099,730
1099,731
1099,732
1099,733
1099,542
1099,433
1099,734
1100,735
1100,736
1103,737
1107,738
1109,210
1110,344
1111,93
1111,680
1116,81
1122,739
1123,740
1124,644
1124,741
1126,742
1126,743
1126,744
1126,745
1134,339
1134,746
1143,747
1148,748
1150,140
1151,749
1153,516
1156,750
1156,751
1158,752
1158,60
1159,753
1160,78
1160,754
1162,110
1163,755
1163,756
1163,757
1163,758
1166,759
1168,760
1168,761
1168,762
1170,763
1170,764
1170,442
1170,330
1170,765
1170,273
1170,766
1172,767
1172,491
1172,768
1172,769
1175,770
1175,771
1177,772
1182,773
1183,295
1183,774
1185,690
1186,646
1186,775
1186,649
1186,776
1187,690
1189,680
1192,777
1194,778
1205,71
1205,779
1206,544
1206,780
1206,614
1206,781
1209,782
1209,453
1210,88
1211,783
1214,784
1215,785
1217,786
1217,787
1217,788
1220,169
1220,789
1220,790
1224,791
1224,792
1224,793
1225,794
1225,795
1235,796
1235,797
1235,798
1235,799
1237,800
1238,110
1239,286
1239,801
1241,802
1244,803
1246,804
1246,805
1246,806
1251,807
1251,808
1251,809
1255,810
1255,811
1255,812
1258,813
1258,280
1258,814
1258,118
1261,105
1264,131
1271,815
1271,816
1271,817
1271,614
1273,818
1273,819
1280,223
1280,617
1280,820
1281,386
1284,821
1284,168
1284,822
1284,823
1284,824
1285,825
1285,760
1285,826
1285,827
1285,828
1285,829
1285,223
1285,830
1285,831
1287,516
1292,435
1294,589
1294,588
1296,188
1296,108
1296,692
1298,832
1298,140
1302,740
1304,13
1304,833
1304,834
1305,835
1306,836
1306,837
1308,838
1309,668
1312,839
1312,840
1313,279
1313,17
1313,280
1313,671
1313,841
1317,28
1319,285
1319,842
1320,843
1321,844
1321,845
1324,28
1328,79
1330,846
1335,847
1335,848
1335,849
1335,850
1338,851
1340,256
1340,852
1340,298
1342,853
1342,46
1342,214
1342,351
1342,854
1343,855
1344,140
1349,856
1352,286
1352,857
1352,182
1352,298
1353,72
1353,858
1355,859
1357,860
1358,690
1359,861
1359,862
1359,863
1361,864
1362,865
1363,63
1365,866
1365,507
1365,63
1365,867
1365,362
1365,868
1369,869
1369,870
1370,871
1370,312
1370,872
1370,873
1370,874
1371,844
1371,48
1372,875
1375,876
1376,877
1383,878
1383,879
1383,880
1385,214
1385,881
1385,168
1385,882
1392,883
1392,884
1392,885
1392,886
1392,792
1393,887
1393,888
1394,285
1394,15
1403,889
1408,890
1417,793
1418,891
1418,52
1418,892
1418,581
1419,893
1422,894
1424,352
1424,648
1424,895
1424,896
1424,897
1426,898
1428,52
1428,899
1431,28
1433,900
1433,901
1433,297
1433,902
1437,903
1437,904
1437,421
1437,905
1441,63
1441,906
1441,907
1443,908
1444,909
1444,910
1444,911
1444,912
1444,445
1444,584
1455,147
1456,913
1456,223
1456,914
1456,915
1456,916
1456,917
1459,677
1459,266
1461,918
1461,919
1461,920
1461,449
1461,921
1463,101
1463,922
1463,92
1464,923
1464,924
1464,614
1464,925
1464,926
1464,927
1464,928
1464,929
1466,930
1468,931
1470,932
1472,933
1473,877
1477,934
1478,935
1478,71
1478,151
1478,83
1479,152
1479,101
1479,92
1479,460
1481,232
1481,193
1481,936
1481,937
1489,110
1490,938
1490,46
1490,104
1490,103
1496,939
1498,940
1498,441
1498,269
1498,941
1498,942
1498,225
1498,826
1498,943
1498,944
1498,433
1498,945
1498,946
1498,363
1498,947
1498,948
1498,949
1500,690
1504,266
1508,950
1510,951
1510,952
1510,614
1511,953
1511,71
1511,325
1511,111
1513,954
1515,88
1515,581
1517,955
1517,188
1517,956
1517,345
1518,110
1523,957
1523,958
1523,959
1523,960
1523,748
1530,961
1532,110
1533,962
1536,963
1538,964
1541,965
1544,1
1544,966
1544,967
1545,968
1556,969
1556,970
1559,971
1559,972
1578,516
1579,973
1579,974
1579,223
1579,975
1579,555
1579,976
1580,246
1582,977
1582,104
1583,690
1584,978
1587,258
1591,979
1591,847
1591,13
1595,712
1598,980
1599,981
1599,982
1603,983
1604,984
1604,212
1604,188
1604,316
1604,985
1604,366
1604,986
1612,987
1612,988
1612,645
1612,648
1617,989
1618,990
1620,991
1620,992
1620,993
1620,994
1620,995
1620,996
1620,997
1620,240
1620,998
1620,999
1622,339
1627,1000
1640,140
1641,1001
1641,1002
1641,1003
1641,1004
1642,871
1643,1005
1643,1006
1643,1007
1643,1008
1643,244
1643,1009
1643,223
1643,555
1643,1010
1643,1011
1651,63
1651,1012
1651,1013
1652,223
1652,1014
1652,584
1654,223
1654,584
1655,1015
1655,1016
1655,1017
1661,1018
1662,1019
1664,489
1664,1020
1674,1009
1674,223
1674,1021
1674,555
1678,527
1678,1022
1682,209
1684,1023
1686,1024
1692,1025
1693,1026
1693,1027
1693,295
1693,1028
1693,1029
1693,483
1694,266
1696,691
1696,194
1699,140
1702,258
1702,105
1705,1030
1705,1031
1708,79
1710,1032
1715,626
1715,1033
1715,488
1716,49
1716,1034
1719,558
1722,88
1722,1035
1725,547
1726,141
1728,453
1733,1036
1733,547
1733,214
1735,1037
1735,801
1735,1038
1738,1039
1739,1040
1739,547
1740,412
1742,1041
1742,1042
1742,1043
1743,1044
1743,1045
1743,104
1744,1046
1744,1047
1744,1048
1746,110
1748,1049
1748,542
1748,1050
1748,568
1748,1051
1748,223
1748,644
1748,85
1752,799
1753,1052
1754,898
1755,1053
1756,140
1761,1054
1763,194
1764,1055
1764,1056
1766,1057
1771,836
1773,1058
1773,649
1773,1059
1773,646
1773,895
1773,1060
1776,111
1776,376
1776,296
1778,1061
1779,101
1780,792
1784,1062
1784,326
1784,111
1784,376
1784,875
1784,1063
1786,1064
1786,191
1786,1065
1786,785
1786,605
1793,1066
1794,1067
1794,1068
1802,1069
1803,1070
1803,1071
1807,362
1808,1
1809,1072
1809,1073
1809,1074
1809,236
1809,1075
1809,648
1809,1076
1809,1077
1810,283
1818,1078
1819,140
1822,277
1822,72
1824,256
1824,1079
1824,1080
1825,1081
1831,1082
1831,188
1831,104
1831,282
1833,1083
1833,111
1833,376
1833,1084
1833,1085
1835,1086
1841,52
1842,187
1847,1087
1847,1088
1850,624
1851,864
1853,877
1855,1089
1857,1090
1861,10
1861,1091
1861,1092
1862,1093
1864,482
1867,677
1867,266
1869,1094
1870,648
1870,896
1870,645
1873,63
1877,1095
1879,1096
1879,1097
1881,127
1882,1098
1885,141
1887,1099
1887,63
1887,1100
1887,362
1888,690
1889,602
1889,1101
1890,1102
1893,216
1894,285
1894,638
1899,1103
1902,1081
1903,1104
1908,1105
1909,1106
1911,1107
1916,1108
1920,1105
1920,1109
1924,542
1924,1110
1924,1069
1925,915
1925,1111
1925,1112
1925,1113
1925,1114
1928,1115
1929,1116
1935,225
1935,226
1935,392
1938,1117
1940,1118
1942,1119
1942,1120
1942,1121
1945,1097
1946,1122
1947,334
1949,63
1954,1123
1954,1124
1959,1125
1959,1126
1960,760
1967,690
1971,1127
1980,46
1980,1128
1980,626
1993,1129
1997,641
2004,1130
2006,1131
2006,1132
2006,250
2006,220
2006,1133
2006,1134
2006,1135
2017,45
2017,1136
2019,1137
2021,1138
2026,1139
2027,110
2030,1140
2030,1141
2030,1142
2033,1143
2038,1144
2047,1145
2053,225
2054,1146
2054,188
2054,1147
2054,316
2059,10
2059,1148
2060,1149
2061,1150
2065,147
2066,1151
2067,644
2072,1152
2082,1153
2089,276
2089,1154
2090,283
2101,159
2101,1155
2111,1156
2113,140
2114,1157
2115,101
2115,1158
2115,626
2118,555
2118,223
2118,620
2118,600
2119,1159
2119,1160
2119,331
2127,1161
2131,1162
2131,214
2131,1163
2131,1164
2131,1165
2132,88
2132,1166
2141,516
2141,1167
2147,1168
2163,140
2166,1032
2174,1155
2175,1169
2177,141
2178,1170
2180,17
2180,458
2180,118
2180,1171
2188,1172
2189,1173
2189,614
2189,1174
2195,1175
2205,1176
2205,1
2205,482
2205,529
2206,648
2206,1177
2212,710
2214,1178
2214,296
2214,1179
2214,1180
2214,1181
2216,1182
2218,1183
2220,1184
2220,626
2220,46
2240,1185
2240,1186
2240,116
2242,1187
2243,266
2243,1188
2250,188
2250,152
2250,92
2255,1189
2257,1190
2259,1191
2259,1192
2260,140
2267,71
2267,1055
2267,638
2269,1193
2269,1194
2287,46
2287,214
2289,307
2289,1195
2290,527
2290,1196
2293,839
2293,1197
2293,1198
2298,1199
2298,244
2298,1195
2298,307
2302,626
2303,1200
2304,1201
2304,1202
2308,350
2309,1203
2312,1204
2314,140
2315,677
2316,1205
2316,433
2316,1206
2321,1207
2328,140
2329,1208
2338,1209
2341,516
2341,1210
2345,1211
2346,1212
2347,1213
2347,844
2347,1214
2347,839
2353,1215
2353,1216
2354,1217
2357,110
2365,794
2365,1218
2365,1219
2367,46
2367,1033
2368,1220
2368,1221
2369,256
2369,1222
2374,307
2374,1195
2377,641
2379,1223
2393,1224
2398,1225
2404,1226
2404,1227
2406,832
2414,586
2419,687
2423,79
2425,101
2425,1228
2425,102
2437,158
2439,962
2440,1229
2440,1230
2440,1214
2441,283
2442,93
2442,451
2444,991
2445,568
2445,1231
2445,1232
2448,1233
2448,802
2449,1234
2453,1235
2453,728
2453,1236
2453,539
2459,843
2461,1237
2461,1238
2463,190
2463,712
2463,1239
2466,1240
2468,1241
2470,298
2470,1242
2470,104
2471,1243
2474,1244
2474,1245
2474,1206
2474,1246
2474,1247
2474,271
2475,140
2478,1
2478,13
2480,1248
2484,285
2484,1249
2500,1250
2505,1251
2505,240
2505,247
2505,1252
2505,1253
2506,1254
2506,1255
2507,1256
2507,351
2507,309
2507,214
2507,1257
2512,1258
2522,1259
2522,645
2525,1260
2527,1261
2531,71
2531,617
2531,223
2545,1262
2553,1263
2554,10
2554,530
2558,932
2563,859
2564,110
2566,309
2568,13
2570,1264
2570,1265
2570,1266
2570,1267
2570,1268
2570,1269
2570,363
2570,1270
2571,283
2574,223
2574,85
2574,542
2578,1271
2580,1272
2586,1273
2586,88
2586,1274
2586,1275
2595,1276
2600,1277
2600,1278
2600,1279
2616,648
2616,1280
2616,1281
2621,28
2623,92
2630,110
2631,585
2633,140
2637,25
2641,1282
2651,943
2651,1283
2651,448
2663,1284
2663,1285
2665,801
2665,1286
2665,1287
2665,1288
2670,285
2670,638
2670,92
2671,17
2671,531
2676,298
2676,1289
2676,1290
2686,1291
2687,1292
2690,690
2690,312
2696,1293
2696,826
2696,1294
2696,240
2697,1295
2698,516
2702,17
2702,1296
2702,159
2704,143
2704,1297
2708,1298
2711,1063
2711,280
2711,457
2711,1299
2724,140
2729,79
2732,92
2732,1300
2733,147
2738,1301
2742,1128
2742,305
2744,276
2744,792
2747,1302
2747,807
2747,433
2747,1303
2747,1304
2748,387
2750,1305
2752,1306
2757,1203
2758,110
2760,1307
2766,547
2769,1308
2771,1
2771,1309
2771,410
2773,1310
2774,1052
2782,208
2782,46
2782,418
2789,1311
2789,1312
2789,1313
2800,641
2803,1314
2803,1315
2804,1316
2805,1317
2806,125
2823,125
2825,233
2825,1318
2825,152
2826,110
2828,81
2828,1319
2828,636
2829,1320
2832,147
2836,1321
2836,818
2850,158
2851,411
2851,1322
2858,1323
2862,1324
2867,92
2867,1325
2867,152
2868,1326
2868,844
2868,1327
2868,512
2874,28
2875,79
2876,482
2877,258
2877,71
2877,140
2884,1328
2885,1329
2888,1330
2888,127
2888,466
2891,1331
2891,244
2891,1332
2891,240
2891,1333
2891,1334
2891,1335
2905,1336
2910,1337
2910,1338
2910,1339
2912,1340
2914,140
2914,600
2917,1341
2921,603
2921,1342
2924,1343
2926,1344
2926,285
2926,1345
2926,1346
2927,411
2927,1347
2927,691
2928,1348
2928,1349
2928,1350
2928,1351
2933,291
2933,1352
2936,617
2936,1293
2936,71
2936,1
2948,442
2949,1353
2949,1301
2949,1354
2950,1355
2951,1356
2951,825
2951,1357
2954,453
2957,1358
2957,1359
2963,1360
2963,1361
2963,1362
2963,1363
2963,920
2964,351
2972,1364
2973,1353
2973,1365
2973,1366
2974,972
2979,1367
2979,644
2979,1368
2979,1369
2981,1370
2981,46
2981,233
2981,92
2982,591
2984,1051
2994,668
2995,140
2996,1371
2996,466
2999,285
2999,1372
2999,1373
3008,1374
3013,1375
3014,1376
3019,898
3021,1377
3027,1378
3027,1379
3027,1380
3027,1381
3027,1382
3033,78
3033,17
3035,1117
3040,442
3041,110
3043,46
3058,1383
3063,1384
3071,1385
3071,1386
3072,1387
3072,855
3073,1388
3073,1389
3073,1390
3073,1391
3075,1392
3082,1393
3083,1394
3086,1395
3087,1396
3090,1397
3090,487
3090,1398
3090,1399
3091,1137
3094,1400
3096,52
3096,1401
3096,1402
3099,1403
3101,1404
3103,158
3105,1405
3105,1406
3105,1407
3105,1408
3105,1409
3107,111
3107,1410
3113,1411
3114,1412
3114,1413
3116,285
3116,575
3117,843
3117,1414
3127,1415
3127,1416
3127,1417
3127,1418
3129,205
3129,1419
3129,1420
3130,1421
3130,344
3132,958
3132,299
3133,1422
3134,1423
3145,131
3145,1424
3145,375
3147,140
3148,1425
3158,1426
3158,1427
3158,269
3158,650
3158,448
3158,1428
3160,1
3160,1429
3161,110
3173,110
3174,516
3185,1430
3185,266
3185,1431
3185,111
3186,1432
3186,88
3186,133
3186,1433
3190,522
3190,1434
3193,1435
3193,1436
3193,1437
3193,1438
3193,823
3196,1439
3196,386
3196,80
3196,355
3198,1440
3205,1441
3205,1442
3208,193
3208,773
3208,1443
3210,1444
3218,1445
3220,1446
3220,1447
3220,1448
3220,240
3220,701
3220,1332
3220,1220
3220,250
3222,1449
3226,1450
3231,898
3236,1245
3236,1451
3238,1452
3239,1453
3246,1454
3246,1311
3251,1455
3254,1456
3254,1457
3255,522
3258,1458
3262,1459
3270,256
3270,1460
3270,1403
3271,1461
3271,1462
3273,46
3273,351
3274,1463
3280,387
3281,1464
3281,1465
3286,1466
3286,161
3286,1467
3286,539
3293,527
3310,1468
3322,1469
3327,1470
3333,266
3333,1471
3333,1472
3341,1473
3343,1474
3344,1475
3357,1476
3359,1477
3359,132
3359,285
3359,535
3359,639
3359,1478
3362,79
3363,1479
3363,272
3363,1480
3364,258
3365,63
3365,688
3366,1481
3366,1482
3366,1483
3389,1484
3401,1485
3401,1486
3401,1487
3401,223
3409,1082
3409,1488
3409,568
3409,786
3409,542
3409,1489
3412,188
3414,158
3426,1490
3443,1491
3443,1377
3455,256
3455,688
3461,690
3464,28
3466,1492
3466,555
3466,212
3466,249
3466,1493
3466,242
3466,1494
3466,240
3467,141
3469,915
3469,1495
3469,1496
3469,1497
3471,1498
3472,1499
3474,276
3474,1500
3474,168
3475,1501
3475,1502
3476,63
3477,88
3477,1503
3477,335
3479,1504
3481,1100
3484,1505
3484,1506
3489,677
3489,266
3494,1507
3495,111
3495,1508
3495,977
3497,1509
3501,433
3503,111
3503,1237
3509,1510
3509,52
3511,1116
3516,158
3518,1511
3518,188
3518,72
3518,262
3523,46
3523,92
3526,140
3527,1019
3529,141
3532,141
3534,118
3543,141
3548,690
3550,1512
3552,688
3552,294
3552,295
3552,721
3560,977
3562,1513
3563,851
3566,1514
3566,111
3566,1515
3566,1083
3572,1359
3574,1516
3587,1517
3594,668
3595,16
3597,1518
3597,1519
3602,1520
3613,283
3618,453
3624,240
3624,617
3624,1293
3632,158
3638,1311
3643,411
3646,802
3649,1521
3649,1522
3650,1
3650,433
3650,1050
3650,256
3650,236
3652,110
3653,110
3654,516
3658,1523
3658,887
3658,1524
3658,1525
3661,1526
3662,688
3662,1527
3662,13
3663,101
3663,92
3664,351
3664,1528
3664,214
3665,1529
3671,1116
3672,1530
3672,1293
3680,71
3682,1531
3689,1532
3692,1533
3692,1534
3695,1535
3698,1536
3700,787
3704,1537
3704,1538
3706,1539
3707,1540
3707,1541
3707,1542
3709,641
3715,1543
3717,1544
3719,140
3724,141
3726,205
3734,28
3737,88
3737,205
3737,1545
3740,1546
3740,127
3740,1547
3743,2
3743,285
3752,1548
3752,1549
3752,500
3759,1550
3759,1551
3759,266
3759,1392
3759,1472
3759,1552
3761,127
3764,140
3768,433
3768,1553
3773,1554
3773,663
3773,1555
3773,1556
3782,482
3791,1557
3791,1558
3791,614
3792,1559
3797,1178
3797,244
3797,223
3797,441
3797,250
3797,421
3797,448
3798,1560
3807,1529
3819,832
3820,1561
3820,1562
3820,1563
3824,1564
3832,1565
3838,1566
3841,1567
3843,1086
3844,1568
3844,901
3845,1569
3845,949
3858,245
3861,1570
3864,1571
3865,527
3868,1572
3868,1573
3872,283
3874,1574
3879,575
3879,1311
3880,384
3881,591
3881,1575
3881,1576
3895,256
3895,1577
3902,128
3906,1578
3906,1579
3906,448
3906,240
3906,1580
3906,1293
3906,826
3906,1581
3906,1582
3906,1583
3906,269
3915,147
3916,46
3916,334
3916,1044
3920,911
3920,910
3925,17
3925,531
3927,1584
3927,1585
3929,1586
3929,1587
3930,638
3930,1588
3931,1097
3931,1589
3932,898
3936,1590
3936,675
3936,1591
3936,104
3967,235
3971,480
3971,1592
3971,479
3974,1593
3974,330
3974,273
3974,1594
3974,1595
3974,35
3974,1596
3976,832
3976,1597
3978,1598
3981,1097
3986,1599
3986,1600
3986,1323
3989,63
3994,745
4000,1601
4004,140
4021,256
4021,801
4027,283
4033,1602
4033,1603
4033,12
4040,285
4040,257
4042,1184
4042,72
4042,190
4046,193
4046,1604
4046,465
4049,63
4054,63
4054,1605
4054,161
4057,591
4057,1606
4062,256
4062,1607
4062,721
4064,1608
4064,1094
4064,274
4068,240
4068,1133
4068,1609
4068,269
4072,726
4074,644
4074,1610
4077,71
4077,612
4077,1611
4078,1612
4090,1613
4093,568
4097,1614
4105,1615
4107,1616
4108,1617
4114,600
4119,1618
4119,584
4119,1343
4120,491
4131,1619
4134,1620
4135,10
4135,1621
4135,1622
4138,1623
4142,110
4148,71
4148,1624
4148,1625
4164,1626
4167,887
4169,1627
4169,1628
4169,1629
4175,871
4175,466
4175,1007
4177,382
4177,1630
4177,1631
4177,801
4181,1
4181,10
4183,1632
4185,1633
4193,1634
4194,1183
4195,536
4195,529
4195,188
4195,482
4200,677
4202,1267
4203,1635
4210,1636
4214,1637
4214,1638
4214,1639
4214,1640
4214,1641
4214,1642
4224,69
4228,648
4228,1643
4247,1644
4254,28
4255,1645
4258,1646
4258,223
4258,1647
4258,244
4262,1648
4265,466
4265,448
4265,220
4265,392
4265,1649
4265,223
4265,1650
4265,1651
4269,1652
4276,280
4276,1653
4280,1654
4281,677
4284,283
4285,1655
4285,1656
4293,1403
4293,1657
4294,140
4297,63
4298,1658
4302,832
4306,1659
4310,140
4314,1660
4314,1661
4314,316
4321,1
4321,57
4329,140
4332,1662
4332,1663
4334,1664
4338,1665
4347,1666
4352,1667
4352,1668
4359,1669
4368,334
4368,1670
4370,690
4371,1671
4376,1672
4376,1673
4381,140
4382,1674
4388,1675
4388,1676
4399,1677
4404,1678
4404,1679
4404,1680
4404,1681
4404,1682
4405,1683
4407,1684
4407,1685
4411,141
4423,244
4423,1686
4423,648
4427,1687
4435,644
4435,1688
4435,291
4438,1689
4448,63
4460,140
4476,140
4479,111
4481,848
4481,1472
4493,1690
4493,1691
4493,1042
4493,1692
4493,294
4496,522
4498,647
4520,1693
4538,1694
4539,283
4544,1695
4545,28
4549,103
4549,104
4549,1696
4549,1697
4551,188
4555,1698
4561,1295
4564,832
4564,88
4564,147
4565,1699
4565,1700
4565,1701
4565,1702
4570,89
4571,1703
4572,144
4572,1704
4576,140
4577,1529
4580,28
4583,1705
4584,364
4587,1706
4587,1707
4592,1708
4594,1709
4594,1710
4594,1711
4594,1712
4594,1713
4594,1714
4605,932
4608,971
4612,1311
4615,86
4615,581
4615,1311
4615,325
4616,17
4616,118
4616,280
4618,1006
4618,1686
4620,140
4623,421
4632,283
4640,1715
4641,1716
4644,1717
4644,331
4644,275
4644,330
4644,1718
4644,272
4656,1033
4656,1719
4659,871
4659,522
4659,923
4659,1630
4665,1720
4665,1721
4668,277
4668,276
4672,677
4676,225
4686,266
4686,1722
4686,1472
4688,140
4690,1723
4694,128
4694,1724
4695,52
4695,1725
4698,88
4698,1726
4698,1727
4704,600
4705,1728
4705,1729
4705,1730
4708,516
4708,1167
4711,1731
4711,1732
4714,1295
4716,155
4716,1311
4718,1733
4720,1630
4725,690
4725,127
4725,466
4729,411
4729,691
4734,1734
4740,453
4747,1735
4748,1736
4754,1211
4755,140
4756,1737
4757,1738
4759,140
4767,1429
4771,25
4799,1739
4799,377
4808,1740
4810,1741
4817,63
4817,205
4823,1093
4825,1742
4825,1743
4825,191
4830,1089
4843,1744
4843,188
4843,534
4843,205
4850,140
4851,140
4854,668
4859,1745
4864,668
4879,580
4884,1746
4884,1449
4884,1747
4884,280
4887,546
4896,1052
4903,1311
4903,670
4911,1748
4911,92
4911,47
4911,349
4911,1749
4914,1750
4923,1751
4923,1752
4924,1753
4925,387
4928,937
4928,289
4929,158
4935,1754
4935,168
4937,1755
4939,1756
4950,1757
4950,1758
4950,1759
4956,1098
4959,145
4959,143
4960,345
4960,1297
4961,1760
4962,1761
4962,294
4962,1762
4962,584
4962,240
4962,1763
4972,1764
4974,1108
4979,1765
4982,1766
4982,461
4982,1767
4982,67
4982,1768
4983,46
4983,83
4988,1769
4989,1770
5002,155
5002,1771
5002,71
5004,101
5009,1772
5010,110
5016,214
5016,1773
5016,481
5031,79
5045,1774
5049,1
5052,763
5052,1775
5052,1776
5052,1777
5053,1778
5060,28
5063,276
5063,1779
5066,223
5068,110
5072,1780
5091,1781
5093,1782
5095,1783
5106,1784
5106,1785
5113,1786
5119,282
5119,1787
5120,1098
5122,1788
5136,1789
5139,1790
5141,1791
5141,1792
5141,1793
5158,71
5175,1794
5176,1795
5185,1169
5189,1796
5195,1797
5195,1798
5196,1799
5196,1766
5197,1800
5197,1801
5197,1802
5197,1803
5201,1161
5206,140
5208,1804
5210,28
5212,1557
5214,1688
5214,1805
5216,140
5221,283
5222,575
5223,141
5226,1806
5226,92
5226,582
5226,152
5235,140
5236,140
5242,1688
5242,1807
5243,258
5248,1808
5274,568
5284,677
5285,214
5288,556
5288,555
5288,1800
5288,1809
5288,1810
5289,453
5290,1204
5290,140
5293,690
5298,1811
5299,104
5299,1812
5301,836
5305,140
5319,276
5320,215
5325,28
5329,1566
5334,140
5336,1548
5336,1049
5340,971
5340,972
5346,1813
5351,140
5365,1814
5375,1815
5386,1816
5386,168
5395,1817
5396,110
5403,1818
5405,1819
5406,1820
5406,1821
5406,1822
5406,1823
5411,728
5412,110
5414,442
5420,647
5420,1824
5421,68
5421,1825
5421,1826
5429,10
5429,1827
5429,392
5433,500
5439,1828
5439,1829
5444,140
5454,1830
5455,141
5455,1831
5458,1832
5458,1833
5463,1834
5465,944
5465,433
5465,1835
5466,258
5466,105
5477,188
5477,190
5477,385
5482,1630
5482,1836
5482,1462
5493,28
5495,28
5512,140
5522,1837
5529,1838
5529,1839
5536,140
5537,1
5537,188
5544,140
5550,1840
5550,801
5552,140
5563,1841
5563,833
5565,1842
5566,898
5574,1843
5579,461
5579,1844
5579,1845
5588,1846
5590,127
5591,1831
5598,28
5603,190
5603,1847
5607,1848
5617,1399
5624,1849
5625,140
5630,140
5632,1850
5632,1851
5635,140
5643,140
5644,726
5654,266
5655,894
5668,1852
5670,1853
5671,79
5673,1805
5673,1854
5682,140
5684,147
5688,1723
5688,1855
5691,1856
5691,1857
5691,1858
5693,1859
5694,1061
5696,214
5705,52
5705,1860
5720,1861
5720,1862
5724,140
5739,1863
5754,63
5761,1089
5767,1857
5767,1864
5767,1858
5781,1865
5781,1866
5793,151
5799,10
5799,517
5801,79
5825,63
5825,534
5825,362
5857,71
5857,72
5861,1867
5861,212
5861,1868
5865,285
5865,1055
5865,638
5867,1869
5870,108
5870,1870
5874,851
5881,448
5881,421
5881,240
5890,1805
5890,844
5897,283
5908,45
5911,1871
5934,68
5936,466
5950,63
5951,1872
5952,1873
5958,110
5959,1425
5959,1874
5963,1708
5963,1364
5967,128
5968,161
5968,1875
5970,140
5973,1
5973,787
5974,125
5974,1876
5974,1787
5992,1877
5992,1878
6001,104
6001,1590
6001,1591
6019,28
6026,1879
6037,140
6040,79
6046,1
6046,1880
6046,1128
6051,937
6051,1881
6051,72
6061,1190
6067,1882
6067,155
6067,71
6071,1883
6085,1265
6087,1884
6087,1885
6087,1886
6092,1439
6092,1887
6092,1888
6093,88
6093,1889
6105,1846
6115,225
6119,52
6129,1890
6135,1155
6135,1891
6135,1892
6150,1893
6152,1894
6152,1895
6155,1896
6156,1688
6156,1289
6157,412
6158,1897
6158,281
6160,131
6160,1898
6160,1899
6164,140
6165,190
6166,1900
6166,1901
6167,1105
6172,449
6180,1902
6180,63
6180,285
6180,575
6185,1903
6185,1435
6188,1904
6188,1905
6188,269
6190,242
6190,1343
6190,249
6190,1906
6194,1907
6195,1171
6195,79
6198,1908
6200,1909
6201,1835
6201,169
6201,1910
6201,334
6201,127
6203,1293
6203,617
6212,1911
6215,677
6215,266
6223,1912
6231,312
6245,1913
6246,71
6252,392
6254,1105
6266,105
6271,1705
6273,677
6273,266
6278,1059
6281,147
6285,13
6285,1
6285,354
6285,704
6285,1914
6287,1108
6292,875
6292,1915
6293,1916
6293,1917
6293,555
6293,240
6293,1800
6293,1918
6297,147
6298,1919
6310,140
6311,140
6312,140
6320,88
6321,1920
6324,283
6334,1921
6335,644
6342,1922
6346,1843
6349,1923
6349,275
6350,1831
6350,1573
6350,704
6358,1924
6364,345
6365,140
6369,28
6370,1738
6374,690
6379,898
6404,1925
6409,1926
6412,140
6419,1927
6420,1928
6420,758
6420,1929
6420,1930
6420,1931
6420,1932
6420,711
6420,648
6420,1933
6420,644
6426,836
6427,600
6428,1934
6428,1416
6428,1935
6428,1936
6432,140
6441,280
6441,1937
6441,118
6444,387
6445,1938
6445,1939
6445,855
6452,1835
6452,527
6455,1039
6455,1578
6456,725
6468,1940
6476,1941
6484,1942
6488,1943
6488,313
6488,1944
6488,1945
6495,774
6495,1946
6495,1403
6500,1947
6504,1948
6506,52
6506,191
6508,65
6511,1841
6518,1439
6518,1949
6518,1950
6521,1951
6523,188
6523,1952
6523,451
6536,1953
6545,580
6549,1954
6554,843
6560,677
6560,266
6568,826
6568,1955
6573,1956
6575,1957
6575,818
6577,1958
6587,191
6587,304
6587,500
6589,1675
6596,546
6603,1959
6607,1243
6617,1960
6619,140
6627,905
6627,949
6627,223
6627,584
6627,244
6630,1961
6634,1472
6635,1082
6635,223
6635,584
6635,826
6639,453
6639,225
6642,140
6644,1962
6646,1963
6646,584
6646,1493
6646,449
6646,309
6647,677
6649,140
6652,1808
6656,158
6659,140
6660,1964
6662,1965
6663,16
6669,1097
6673,654
6683,1966
6685,441
6685,1967
6685,1968
6689,28
6705,1969
6707,140
6724,140
6737,151
6737,46
6737,639
6737,92
6737,1970
6738,225
6740,1948
6740,1457
6740,1573
6748,1971
6748,240
6748,449
6763,677
6767,1082
6767,1489
6767,1429
6767,617
6773,1972
6781,1948
6782,110
6786,1688
6786,911
6787,386
6787,1439
6787,1
6792,1973
6792,1974
6792,1975
6794,140
6807,258
6819,871
6821,568
6826,140
6837,1976
6840,1977
6854,704
6857,140
6858,1228
6861,726
6864,1978
6877,545
6880,1979
6883,79
6888,1980
6899,1981
6899,1023
6901,1982
6902,1983
6903,1984
6932,140
6934,1353
6936,88
6936,1035
6938,1985
6938,140
6938,1986
6940,140
6943,140
6944,74
6944,1987
6945,1988
6947,1989
6953,258
6959,421
6972,1990
6975,258
6977,35
6977,109
6977,944
6977,1835
6977,1931
6981,466
6981,127
6989,568
6994,1991
6996,1155
6996,1992
6996,168
7005,258
7022,140
7025,1993
7038,1835
7038,433
7042,1994
7056,1151
7060,1995
7069,1996
7072,244
7073,140
7074,466
7080,392
7080,1577
7080,256
7080,1997
7082,1998
7082,1999
7084,258
7086,2000
7088,1883
7100,2001
7102,2002
7107,2003
7111,2004
7113,10
7113,1148
7130,2005
7131,2006
7131,2007
7131,2008
7135,2009
7136,258
7137,1097
7139,2010
7139,1992
7139,168
7139,2011
7141,244
7145,28
7173,2012
7181,2013
7184,1459
7204,92
7204,1412
7208,2014
7208,2015
7228,1024
7238,2016
7243,1453
7244,140
7249,131
7249,1835
7249,1069
7253,140
7260,140
7262,2017
7267,1053
7273,2018
7279,258
7293,527
7293,339
7296,140
7297,46
7297,2019
7307,2020
7315,459
7315,2021
7317,646
7317,988
7317,2022
7317,2023
7317,1948
7317,649
7321,2024
7326,71
7326,2025
7327,2026
7340,92
7343,2027
7361,2028
7361,2029
7361,2030
7378,104
7378,2031
7378,2032
7381,2033
7382,140
7383,140
7387,28
7393,2034
7394,2035
7396,140
7398,2036
7399,258
7399,105
7400,2037
7408,832
7423,28
7428,2038
7428,1253
7428,240
7429,2039
7433,2040
7443,522
7444,1705
7450,2041
7457,2042
7468,2043
7476,1053
7482,283
7486,453
7490,589
7504,584
7504,1497
7507,188
7508,2044
7512,2045
7515,2046
7517,2047
7517,826
7517,247
7528,842
7533,2048
7535,244
7540,555
7540,1199
7540,1963
7550,2049
7561,2050
7568,2051
7568,2052
7568,2053
7578,2054
7581,140
7590,2055
7594,496
7596,2056
7612,2057
7616,28
7617,2058
7618,225
7618,2059
7618,2060
7624,1361
7628,1360
7630,279
7630,585
7630,2061
7630,2062
7634,453
7648,2063
7654,2064
7666,2065
7669,1261
7669,2066
7669,2067
7673,140
7681,925
7681,13
7682,2068
7689,2069
7691,2070
7701,2071
7722,2072
7728,2073
7729,141
7735,728
7739,2074
7741,555
7741,1800
7742,236
7747,2075
7752,2076
7759,63
7759,362
7759,672
7765,2077
7765,309
7766,79
7792,2078
7794,140
7800,1950
7807,898
7807,2079
7819,2080
7823,2081
7840,79
7840,1189
7845,2082
7856,801
7856,2083
7856,2084
7857,2085
7858,1758
7858,331
7858,272
7858,51
7858,1717
7870,826
7875,644
7884,2086
7884,2087
7884,1472
7885,63
7885,2088
7885,286
7894,1688
7895,2089
7897,823
7897,1435
7900,2090
7901,2091
7906,208
7906,418
7908,140
7908,147
7917,2092
7917,2093
7919,2094
7920,575
7920,1902
7920,1311
7924,2095
7930,2096
7941,2097
7941,2098
7941,2099
7962,1111
7964,1311
7967,596
7971,140
7979,887
7979,2100
7993,240
7993,2101
7993,2102
7999,2103
8001,2104
8001,2105
8001,2106
8001,1380
8001,1378
8001,1975
8001,2107
8017,128
8022,2108
8023,591
8037,140
8048,71
8060,1332
8060,2109
8060,2101
8060,710
8060,240
8060,2110
8074,453
8079,2111
8086,2112
8090,1093
8090,105
8097,1459
8108,2113
8128,214
8128,1364
8129,2114
8131,1845
8137,1935
8138,63
8160,2115
8176,2116
8182,2117
8187,1770
8195,140
8210,140
8211,2118
8215,2119
8217,2120
8219,1787
8219,688
8219,334
8219,911
8219,1950
8250,2121
8259,140
8262,104
8276,155
8282,823
8282,2122
8282,1915
8294,13
8294,11
8298,2123
8298,2124
8305,140
8307,2125
8308,545
8311,2126
8313,387
8313,2127
8313,256
8329,877
8332,147
8334,2128
8344,110
8349,140
8350,1406
8350,1098
8350,1323
8360,68
8367,2129
8367,2130
8378,1105
8379,266
8410,2131
8438,140
8439,81
8439,2132
8445,1830
8449,140
8449,2133
8449,2134
8450,1025
8476,2135
8476,2136
8483,2137
8484,898
8501,2138
8504,1596
8504,764
8504,765
8504,273
8504,442
8504,2139
8504,272
8510,2140
8511,2141
8511,2142
8511,1609
8511,2143
8516,2144
8516,1835
8523,2145
8524,2146
8540,2147
8552,296
8552,1835
8565,258
8598,2148
8602,1974
8602,1975
8602,1973
8606,568
8611,2149
8611,2150
8611,2151
8613,2152
8623,2153
8626,140
8633,2093
8634,568
8634,793
8639,2154
8651,783
8674,2155
8677,826
8690,2156
8694,1805
8695,283
8702,2157
8702,2158
8702,2159
8712,147
8713,2093
8716,1597
8729,2160
8738,2161
8745,147
8745,88
8765,580
8779,2023
8779,649
8779,1705
8782,258
8798,39
8800,2162
8807,2163
8817,2164
8818,2165
8822,2166
8824,2167
8828,2168
8831,2169
8833,2170
8838,2171
8838,1724
8838,2172
8841,433
8843,2173
8843,2174
8846,2175
8850,2176
8861,141
8867,258
8879,672
8879,677
8879,754
8883,283
8883,258
8886,2177
8890,140
8903,1795
8913,78
8913,579
8917,2178
8927,2179
8927,2086
8927,2180
8927,2181
8927,648
8935,2182
8940,258
8945,1097
8975,240
8991,258
9007,147
9010,1334
9011,1425
9014,2183
9014,2184
9016,2185
9022,2186
9026,140
9039,877
9051,2187
9105,1539
9105,111
9105,154
9105,1700
9105,2188
9113,2189
9123,140
9159,110
9163,2190
9165,2191
9169,2192
9169,2193
9169,2194
9171,442
9200,453
9201,28
9202,1781
9206,2195
9206,127
9218,2196
9218,2197
9262,2198
9266,2199
9266,2200
9266,2201
9271,2202
9276,2203
9296,1834
9304,2204
9307,2205
9308,258
9313,2206
9335,712
9335,2207
9335,296
9339,2208
9344,2209
9365,110
9366,214
9392,2210
9392,2211
9399,158
9400,28
9405,2212
9405,17
9405,2213
9405,1390
9405,2214
9421,2215
9421,1582
9421,448
9421,2216
9421,701
9421,441
9421,2217
9422,1587
9424,1117
9426,2218
9478,2219
9483,2220
9487,577
9491,258
9506,2221
9514,140
9516,2222
9518,690
9520,2223
9538,2224
9539,2225
9541,712
9541,1247
9560,2226
9560,2227
9560,1963
9560,2228
9560,2229
9560,2230
9560,708
9560,2231
9560,2232
9560,240
9563,677
9563,266
9564,2233
9570,2156
9570,71
9572,855
9574,392
9574,2234
9574,2235
9574,2236
9580,140
9591,79
9598,2237
9612,1089
9614,2238
9622,2239
9646,2240
9648,1416
9651,2241
9651,2242
9651,2243
9655,140
9672,140
9674,1024
9677,2244
9687,2245
9694,2246
9704,2247
9707,2248
9714,2249
9714,27
9714,2250
9714,2251
9714,439
9717,2252
9730,2253
9764,13
9785,258
9787,2254
9791,2255
9791,2256
9791,2257
9806,2258
9814,2259
9814,2260
9825,1769
9846,1416
9846,2261
9850,2262
9862,2263
9864,441
9864,1968
9864,2142
9878,283
9878,2074
9879,757
9879,2264
9896,140
9902,2265
9904,2266
9905,140
9909,2267
9914,2268
9920,140
9924,948
9924,225
9924,2269
9924,947
9928,101
9928,92
9933,140
9956,2270
9959,140
9965,140
9968,1565
9975,345
9975,2271
9975,2272
9989,1024
10008,2052
10018,2131
10018,2273
10023,2274
10037,140
10063,275
10088,2189
10094,442
10105,1093
10109,2275
10123,2276
10133,2277
10142,140
10148,2278
10149,147
10153,240
10153,1293
10153,2279
10186,2280
10187,2281
10189,2282
10202,1974
10203,916
10209,677
10225,2283
10227,2284
10230,140
10239,2285
10248,140
10249,2286
10249,2287
10249,2288
10249,1332
10249,439
10252,2289
10262,2290
10262,2291
10262,2292
10262,855
10266,283
10292,2293
10294,2294
10307,2295
10314,2296
10322,2297
10324,79
10328,851
10338,307
10342,2298
10349,28
10352,1835
10352,2299
10352,2300
10360,2301
10382,240
10387,110
10391,2133
10403,2302
10492,140
10494,1053
10495,2303
10495,2059
10495,2304
10495,2305
10495,250
10495,2306
10495,1997
10495,176
10495,2307
10495,2308
10495,2309
10500,2310
10503,63
10514,140
10535,1936
10535,1934
10535,2147
10574,140
10590,2311
10610,2312
10611,225
10614,140
10628,27
10644,2313
10650,859
10652,140
10667,2314
10693,140
10707,2315
10710,1814
10715,2316
10720,466
10721,2317
10728,2318
10728,188
10728,2319
10728,190
10728,2320
10729,2321
10729,2322
10729,2323
10730,2324
10730,2325
10730,1780
10730,2326
10730,2327
10733,2311
10746,1634
10754,1059
10754,2328
10773,2329
10792,140
10811,140
10821,324
10836,2330
10841,1780
10844,2331
10850,2332
10874,677
10874,266
10875,2333
10875,52
10875,2334
10904,482
10913,2335
10923,2336
10923,1098
10923,377
10928,2337
10952,2338
10952,2339
10971,140
10980,140
10997,28
11002,814
11007,2340
11007,2341
11020,2342
11035,2343
11047,1086
11048,2344
11057,244
11057,2345
11060,2346
11062,2347
11065,28
11069,2348
11080,2349
11082,2350
11102,2311
11130,2351
11137,140
11140,140
11160,140
11162,2352
11163,140
11207,2353
11216,2354
11218,1155
11230,140
11233,1053
11240,2355
11243,128
11250,2356
11251,2357
11254,2358
11254,2359
11254,1293
11265,2360
11270,258
11276,1594
11284,2361
11284,1368
11295,661
11306,140
11309,275
11332,387
11344,2362
11344,2363
11347,140
11354,141
11355,1995
11357,2364
11357,2365
11357,2366
11359,2367
11361,244
11365,2368
11365,1873
11369,105
11383,140
11388,2369
11389,140
11410,2370
11433,2371
11443,1480
11458,2372
11481,28
11493,1053
11507,2348
11516,2373
11520,482
11549,2374
11555,2375
11560,2376
11565,2377
11572,826
11572,2378
11572,2379
11578,2380
11579,2381
11579,2382
11585,2383
11590,28
11593,147
11596,1269
11597,2384
11601,2385
11622,2386
11622,1596
11622,2387
11624,2388
11626,1995
11630,1856
11644,2389
11644,2390
11644,2391
11671,2140
11678,2392
11680,2393
11777,2394
11805,2395
11807,1731
11807,1732
11807,2396
11816,2397
11823,2398
11834,2399
11856,240
11884,2400
11891,2401
11899,725
11899,2402
11908,2403
11913,140
11915,2404
11916,140
11933,140
11934,2405
11934,2406
11940,140
11953,1703
11972,2407
11983,2408
11995,140
12000,140
12003,2409
12003,2410
12015,2411
12064,568
12079,2412
12083,2103
12084,140
12090,2160
12095,2413
12105,1329
12151,2414
12167,2415
12182,2416
12189,2417
12196,258
12204,2418
12224,2419
12243,140
12244,2420
12310,2421
12366,2422
12392,2423
12406,2424
12409,2425
12479,690
12504,2426
12513,1402
12528,2253
12528,140
12539,140
12609,2427
12686,127
12692,2311
12699,2400
12705,2428
12793,2429
12796,225
12819,258
12819,105
12826,110
12827,72
12833,2430
12849,1664
12856,677
12900,141
12901,610
12906,2431
12934,2058
12938,2432
12948,158
12983,269
12983,2433
12991,1085
13001,147
13001,2434
13032,78
13060,2435
13060,2436
13129,2437
13217,2438
13222,1716
13244,2439
13255,2440
13294,2441
13347,1078
13365,387
13383,2442
13396,1529
13400,1214
13401,2443
13401,2444
13401,1288
13401,2445
13401,2446
13424,2447
13440,2448
13473,2449
13499,2450
13499,2451
13552,2315
13552,2443
13589,2452
13617,2453
13631,1767
13684,2454
13739,2455
13790,110
13815,1305
13862,2456
13873,2457
13873,2458
13876,2459
13921,2460
13921,2461
13921,252
13921,2142
13942,2462
13964,2463
13980,1366
13991,2464
13998,258
14004,2465
14007,2466
14016,2467
14018,2030
14018,1619
14020,258
14026,1537
14041,2468
14049,2469
14054,580
14089,1353
14106,2470
14115,2471
14122,2293
14150,691
14164,2472
14194,2473
14195,28
14197,2474
14200,2475
14206,289
14210,2476
14210,2477
14217,2478
14219,1458
14224,28
14247,2479
14248,2295
14266,1108
14269,158
14275,2480
14275,2481
14287,2482
14296,258
14323,2483
14323,2484
14328,2202
14353,2485
14357,2486
14359,92
14374,1098
14376,258
14384,2487
14395,865
14396,2488
14401,2489
14402,2490
14406,677
14408,2491
14427,79
14430,2492
14444,2493
14451,2494
14457,2495
14457,2496
14462,2497
14486,2498
14508,523
14521,258
14545,2499
14549,2500
14549,2501
14557,2502
14573,258
14574,644
14580,258
14593,2503
14594,258
14597,2504
14604,158
14621,1187
14647,258
14656,147
14659,258
14687,1458
14687,898
14699,1927
14710,258
14751,2505
14751,1317
14751,740
14760,2506
14769,2507
14783,2508
14793,2509
14828,258
14844,258
14850,2510
14850,2511
14853,147
14872,2512
14903,2513
14917,155
14917,1311
14920,2514
14936,2052
14954,1565
15071,2515
15088,1919
15106,2516
15130,1609
15130,2517
15130,2518
15163,2519
15219,2520
15235,453
15286,2521
15294,701
15294,2522
15300,2523
15302,2044
15360,690
15393,2524
15431,2525
15445,110
15452,2526
15464,2527
15473,2528
15473,2529
15490,2530
15593,258
15613,2417
15764,2531
15796,2532
15820,2533
15829,2311
15840,2534
15845,1919
15869,2535
15921,2536
15960,2537
15960,2538
16031,1784
16093,2539
16154,2540
16240,2290
16282,283
16313,2541
16327,1919
16391,2542
16403,1996
16510,2543
16544,2544
16577,110
16592,2545
16651,2546
16651,523
16745,2547
16745,2548
16760,2549
16921,140
16932,1559
16939,2550
17043,2551
17106,2552
17308,2553
17495,2507
17496,1089
17629,2554
17737,851
17941,2065
18099,2311
18211,2555
18215,2556
18215,2557
18329,2558
18350,2559
18464,1613
18511,851
18606,2560
18717,110
18769,2561
18772,2562
19085,2563
19173,2564
19197,2565
19291,2111
19528,1298
19563,2566
19596,2567
