Film_id,Director_id
22379,11802
22380,17775
22381,17776
22382,143
22383,15440
22384,10523
22385,17777
22386,417
22387,17778
22388,1723
22389,17779
22390,5304
22391,889
22392,17780
22393,17781
22394,17782
22395,17783
22396,17784
22397,17785
22398,17786
22399,211
22400,17787
22401,17788
22402,127
22403,1734
22404,17789
22405,17790
22406,17791
22407,17792
22408,17793
22409,17794
22410,4996
22411,17795
22412,17796
22412,17797
22413,5178
22414,17798
22415,17799
22416,17800
22417,17801
22418,5139
22419,17802
22420,17803
22421,658
22422,17804
22422,17805
22423,17806
22424,17807
22425,17808
22426,802
22427,640
22428,17809
22429,17810
22430,17811
22431,17812
22432,17813
22433,17814
22434,17815
22434,17816
22435,4990
22436,17817
22437,3102
22437,3103
22438,3274
22439,17818
22440,17819
22441,17820
22441,17821
22441,17822
22442,17823
22443,2021
22444,17824
22445,17825
22446,230
22447,17826
22449,17827
22450,17828
22450,17829
22451,756
22452,6288
22453,7238
22454,16447
22454,17830
22454,17831
22454,17832
22454,17833
22454,17834
22454,17835
22454,17836
22455,17837
22456,17838
22457,17839
22458,17840
22459,17841
22460,17842
22461,1955
22462,17843
22463,17844
22464,99
22465,17845
22466,17846
22467,17847
22468,17848
22469,11764
22470,894
22471,763
22472,17849
22473,6728
22474,17850
22475,17851
22475,17852
22476,4719
22477,17853
22478,2182
22479,17854
22480,9201
22481,2
22482,17855
22482,17856
22483,246
22483,17857
22484,17858
22485,17859
22486,8285
22487,17860
22488,17861
22489,17862
22490,3485
22491,1500
22492,17863
22493,8742
22494,2151
22495,8369
22496,840
22497,17864
22497,17865
22497,5121
22498,17866
22499,17867
22500,5093
22501,17868
22502,17869
22502,17870
22503,17871
22503,17872
22504,1681
22505,3337
22506,17873
22507,3466
22508,17874
22509,17875
22510,17876
22511,17877
22512,17878
22512,17879
22513,4705
22514,17880
22515,17876
22516,10651
22517,9633
22518,17881
22519,2255
22520,3063
22520,17882
22521,17883
22522,17884
22523,11734
22524,17885
22525,12638
22526,4156
22527,17886
22528,10299
22529,17887
22530,17888
22531,17889
22532,293
22533,17890
22534,17891
22535,757
22535,758
22536,17892
22536,17893
22537,3329
22538,17894
22539,17895
22539,17896
22539,17897
22540,4635
22541,17898
22542,17899
22543,839
22544,4817
22545,17900
22546,5451
22547,3860
22548,15994
22548,17901
22549,223
22550,17902
22551,2582
22552,17903
22553,3000
22554,3197
22554,3198
22555,17904
22556,17905
22557,17906
22558,17907
22559,17908
22560,3091
22561,17909
22562,1318
22563,1054
22564,915
22565,2747
22566,5451
22567,17910
22568,17911
22569,17912
22570,1727
22571,2045
22572,6403
22573,17913
22574,1487
22575,17914
22576,17915
22577,17916
22578,17917
22579,17918
22580,17919
22581,1991
22582,17920
22583,17921
22583,17922
22584,17923
22584,17924
22585,17925
22586,17926
22587,17927
22588,17928
22589,17929
22590,335
22591,17930
22592,986
22593,17931
22594,17932
22595,17933
22596,17934
22596,153
22597,17935
22598,17936
22599,11858
22599,17937
22600,17938
22600,17939
22601,17940
22602,407
22603,10049
22604,17941
22604,17942
22605,15985
22606,17943
22607,4130
22607,4131
22608,17944
22609,17945
22610,136
22611,17946
22612,17947
22613,17948
22614,762
22615,17949
22616,2350
22617,612
22618,1343
22619,17950
22620,3271
22620,17951
22621,15919
22622,17952
22623,17953
22624,17954
22625,17955
22626,17956
22627,17957
22628,17958
22629,17959
22629,17960
22630,2772
22631,17961
22632,17962
22633,17963
22634,1741
22635,12411
22636,17964
22637,17965
22638,17966
22639,17967
22640,17968
22641,8780
22642,17969
22643,563
22644,16295
22645,4118
22646,17970
22647,12476
22647,12477
22648,17971
22649,17972
22650,17973
22651,17974
22652,17975
22653,5834
22654,17976
22655,1107
22656,2736
22657,17977
22658,17978
22659,17979
22660,17980
22661,3707
22662,17981
22663,17982
22664,17983
22665,17984
22666,657
22667,17985
22668,5603
22669,688
22670,17986
22671,1537
22671,17987
22672,17988
22673,17989
22674,17990
22675,3472
22676,12040
22677,17991
22678,604
22679,17992
22679,17993
22680,17994
22681,2424
22682,17995
22683,832
22684,1116
22685,17996
22686,17997
22687,1814
22688,6490
22689,335
22690,17998
22691,561
22692,85
22693,17999
22694,124
22695,16361
22695,16362
22696,1461
22697,7756
22698,6640
22699,11478
22699,18000
22700,16103
22701,18001
22702,18002
22702,18003
22703,18004
22704,18005
22704,5085
22705,18006
22706,18007
22707,4922
22708,12267
22709,18008
22710,18009
22711,18010
22712,18011
22713,18012
22713,18013
22714,18014
22716,18015
22717,6715
22718,4983
22719,18016
22720,18017
22721,18018
22722,14052
22723,18019
22724,18020
22725,18021
22726,18022
22727,553
22728,18023
22729,17961
22730,18024
22731,3409
22732,18025
22733,11762
22734,18026
22735,2369
22736,12098
22737,2645
22738,1365
22739,18027
22740,18028
22741,619
22742,3183
22743,18029
22744,18030
22745,18031
22746,18032
22746,18033
22747,7312
22748,11579
22749,18034
22750,18035
22751,18036
22752,18037
22752,18038
22753,18039
22754,18040
22755,18041
22756,18042
22757,18043
22758,18044
22759,18045
22760,18046
22761,532
22762,18047
22763,1786
22764,145
22765,16252
22766,18048
22767,6065
22768,18049
22769,18050
22770,18051
22771,18052
22772,11446
22773,18053
22774,18054
22775,18055
22776,18056
22777,18057
22778,17765
22779,1112
22780,18058
22781,18059
22782,18060
22783,18061
22784,18062
22785,18063
22786,18064
22787,18065
22788,5420
22789,18066
22789,18067
22790,18068
22791,18069
22792,18070
22793,18071
22794,18072
22795,14127
22796,1737
22797,18073
22798,1139
22799,18074
22800,18075
22801,18076
22802,3287
22803,18077
22804,18078
22805,14148
22806,3546
22807,18079
22808,18080
22809,18081
22810,18082
22811,18083
22812,18084
22813,18085
22814,5972
22815,18086
22816,12283
22817,14366
22818,18087
22819,9835
22820,18088
22820,18089
22821,18090
22822,18091
22823,18092
22824,217
22825,3143
22826,18093
22827,18094
22828,5630
22829,18095
22830,18096
22831,18097
22832,11066
22833,2255
22834,18098
22835,18099
22836,18100
22836,18101
22837,2170
22838,18102
22839,18103
22840,18104
22840,18105
22841,1166
22842,18106
22843,18107
22844,154
22845,18108
22846,18109
22847,18110
22848,18111
22848,18112
22849,18113
22850,404
22851,2794
22852,18114
22853,18115
22854,18116
22855,2773
22856,18117
22856,18118
22857,750
22858,18119
22859,18120
22860,18121
22861,18122
22861,18123
22861,18124
22862,18125
22863,18126
22864,18127
22864,18128
22865,18129
22865,18130
22866,18131
22867,3864
22868,18132
22869,18133
22870,18134
22871,18135
22872,18136
22873,18137
22874,18138
22874,18139
22875,3695
22876,18140
22877,1793
22878,2600
22879,12441
22880,5974
22880,18141
22881,18142
22882,2427
22883,18143
22884,18144
22885,17962
22886,18145
22887,18146
22888,18147
22889,18148
22890,18149
22891,18150
22892,8587
22893,241
22894,18151
22895,2836
22896,8120
22897,18152
22898,18153
22899,18154
22900,1527
22901,18155
22902,18156
22903,5871
22904,4467
22905,1184
22906,18157
22907,10483
22908,18158
22909,7008
22910,18159
22910,18160
22911,7474
22912,1665
22913,18161
22913,18162
22914,18163
22915,18164
22916,18165
22917,18166
22918,18167
22919,482
22920,16084
22921,18168
22922,18169
22923,844
22924,18170
22925,18171
22926,774
22927,18172
22927,18173
22928,1335
22929,18174
22930,11717
22931,18175
22932,17905
22933,18176
22934,18177
22935,16368
22935,18178
22936,18179
22937,2909
22937,18180
22938,18181
22939,18182
22940,18183
22941,4904
22942,4311
22943,18184
22944,18185
22945,18186
22945,18187
22946,18188
22947,500
22948,18189
22949,18190
22950,18191
22951,18192
22952,18193
22953,18194
22954,8290
22955,2936
22956,16223
22957,18195
22958,18196
22959,18197
22960,18198
22961,18199
22962,18200
22963,18201
22964,18202
22965,5966
22966,1284
22967,3685
22968,18203
22968,18204
22969,18205
22970,18206
22971,746
22972,2870
22973,5543
22974,18207
22975,18208
22976,18209
22977,18210
22978,1141
22979,18211
22980,18212
22981,18213
22981,18214
22982,2667
22983,722
22984,18215
22985,18216
22986,18217
22987,18218
22988,18219
22989,2606
22990,18220
22991,18221
22992,12828
22993,18222
22994,18223
22995,3026
22996,18224
22997,8
22998,18225
22999,18226
23000,8386
23001,1664
23002,18227
23003,1440
23004,11883
23005,7122
23006,18228
23007,18229
23008,18230
23008,18231
23009,18232
23010,18233
23011,18234
23012,18235
23012,18236
23013,9321
23014,18237
23015,18238
23016,18239
23017,327
23018,18240
23019,11688
23020,18241
23021,18242
23022,11504
23023,18243
23024,7307
23025,18244
23026,18245
23026,18246
23027,10280
23028,18247
23029,18248
23030,18249
23031,9926
23032,18250
23033,4642
23034,3602
23035,3432
23036,15974
23037,3585
23038,18251
23039,18252
23040,18253
23041,130
23042,11967
23043,18254
23044,6444
23045,18255
23046,18256
23046,18257
23047,741
23048,18258
23049,18259
23050,18260
23051,18261
23052,15188
23053,18262
23054,892
23054,891
23055,9940
23056,18263
23057,18264
23058,18265
23059,18266
23060,18267
23061,18268
23062,18269
23063,18270
23064,18271
23065,11092
23066,18272
23067,18273
23068,1166
23069,3195
23070,5736
23071,1525
23072,7400
23073,18274
23074,6764
23075,18275
23076,18276
23077,4937
23078,18277
23079,18278
23080,18279
23081,18280
23082,18281
23083,18282
23084,18283
23085,18284
23086,7338
23087,18285
23088,9233
23089,5420
23090,404
23091,9173
23092,4059
23093,18286
23094,18287
23095,14434
23096,6700
23097,18288
23098,18289
23099,18290
23100,18291
23101,18292
23102,18293
23102,16702
23103,8289
23104,18294
23105,18295
23106,18296
23107,18297
23108,18298
23109,651
23110,18299
23111,18300
23112,18301
23113,18302
23114,14858
23115,1688
23116,17757
23117,14767
23118,18303
23119,151
23120,7320
23121,1466
23122,18304
23123,305
23124,8617
23125,5006
23126,18305
23127,18306
23128,6896
23128,6947
23129,8851
23130,18307
23130,18308
23131,18309
23132,18310
23133,18311
23133,18312
23134,16479
23135,18313
23135,18314
23136,18315
23137,18316
23138,18317
23138,3179
23139,18318
23140,18319
23141,18320
23142,18321
23143,6073
23144,18322
23145,6910
23146,18323
23147,16056
23148,1568
23149,18324
23149,18325
23150,18326
23151,17286
23152,18327
23153,18328
23154,18329
23155,18330
23156,18331
23156,18332
23157,1346
23158,18333
23159,17757
23160,5615
23161,18334
23161,18335
23162,1908
23163,18336
23164,18337
23165,1660
23166,18338
23167,18339
23168,18340
23169,18341
23170,3309
23171,18342
23172,18343
23173,18344
23174,2767
23175,142
23176,18345
23177,18346
23178,7432
23179,18347
23180,18348
23180,18349
23181,8483
23182,18350
23183,18351
23184,2781
23185,18352
23186,18353
23187,18354
23187,18355
23188,18356
23189,1934
23190,317
23191,4268
23192,18357
23193,18358
23193,18359
23194,18360
23195,238
23196,13436
23197,18361
23198,18362
23199,7741
23200,18363
23200,18364
23201,18365
23202,13948
23203,1912
23204,18366
23205,18367
23206,7773
23207,18368
23208,18369
23209,18370
23209,18371
23209,2823
23209,18372
23209,480
23210,1575
23211,2255
23212,18373
23213,8068
23214,1698
23215,2325
23216,1730
23217,18374
23218,18375
23219,18376
23219,9665
23220,7074
23221,4188
23222,3781
23223,18377
23224,2504
23225,8861
23226,2115
23227,18378
23228,1979
23229,18379
23230,7657
23231,471
23232,6794
23233,17746
23234,815
23235,18380
23236,1904
23237,240
23238,18381
23238,18382
23239,7232
23240,6346
23241,3582
23242,3499
23243,10015
23244,18383
23245,11632
23246,18384
23247,5881
23248,18385
23249,505
23250,390
23251,18386
23252,18387
23253,18388
23254,18389
23255,3908
23255,3909
23256,18390
23257,18391
23258,18392
23259,3519
23260,18393
23261,3180
23262,18394
23263,12045
23264,18395
23265,298
23266,15118
23267,18396
23268,18397
23269,18398
23270,18399
23271,14858
23272,2686
23273,2773
23274,16491
23275,18400
23276,18401
23277,10825
23278,9998
23279,3584
23280,18402
23281,1334
23282,3407
23283,2198
23284,3553
23285,18403
23286,18404
23287,18405
23288,3934
23289,2804
23290,17908
23291,18406
23292,18407
23293,2555
23294,18408
23295,18409
23296,7151
23297,13946
23297,18410
23298,16156
23299,18411
23300,18412
23301,18413
23302,3513
23303,18414
23304,15913
23305,9114
23306,1454
23307,7597
23308,8966
23309,18415
23309,18416
23310,18417
23311,18418
23311,18419
23312,18420
23313,16181
23313,18421
23313,6046
23313,4329
23313,6622
23313,8170
23313,753
23313,135
23314,18422
23315,18423
23316,13611
23317,18424
23318,18425
23319,1607
23320,18426
23320,18427
23321,18428
23322,18429
23322,18430
23323,18431
23324,4925
23325,18432
23326,4619
23327,18433
23328,18434
23329,427
23330,18435
23331,18436
23332,18437
23333,7123
23334,18438
23335,18439
23336,18440
23337,4891
23338,18441
23339,18442
23340,1073
23341,18443
23342,18444
23343,18445
23344,5525
23345,18446
23346,18447
23346,18448
23347,18449
23348,18450
23349,18451
23350,18452
23350,18453
23351,2216
23351,2217
23352,18454
23353,10268
23354,4712
23355,18455
23356,18456
23357,18457
23358,18458
23359,18459
23360,18460
23361,18461
23361,18462
23362,18463
23363,18464
23364,13324
23365,18465
23366,1366
23367,18466
23367,18467
23368,4478
23369,18468
23370,18469
23371,18470
23371,18471
23372,18472
23373,1759
23374,4155
23375,763
23376,8655
23377,18473
23378,18474
23379,18475
23380,7998
23381,18476
23382,18477
23383,18478
23384,991
23385,18479
23386,9973
23387,18480
23388,1354
23389,4475
23390,18481
23390,18482
23391,10537
23392,18483
23393,18484
23394,18485
23395,18486
23395,18487
23396,18488
23397,18489
23398,18490
23399,18491
23400,18492
23401,380
23402,13046
23403,1613
23404,18493
23405,9925
23406,18494
23407,5372
23408,18495
23409,1110
23410,2670
23411,961
23411,18496
23412,18497
23413,1829
23414,213
23415,18498
23416,18499
23417,18500
23418,2762
23419,17940
23420,3079
23421,18501
23422,18502
23423,18503
23424,18504
23425,10404
23426,18505
23427,18506
23428,18507
23429,18508
23430,18509
23431,4720
23432,15944
23433,18510
23434,18511
23435,8314
23436,18512
23437,13996
23438,18513
23439,18514
23440,7936
23441,18515
23441,18516
23442,2470
23443,18517
23443,18518
23444,4601
23445,18519
23446,18520
23447,728
23448,2403
23449,8966
23450,8570
23451,18521
23452,649
23453,18522
23454,18523
23455,1928
23456,3958
23457,3065
23458,17750
23459,18524
23460,18525
23461,18526
23462,18527
23463,18528
23464,18529
23465,18504
23466,461
23467,807
23468,18530
23469,18531
23470,18532
23471,2548
23472,18533
23473,2998
23474,18534
23475,18535
23476,3472
23477,18536
23478,2104
23479,18537
23480,18538
23481,3509
23482,18539
23483,46
23484,18540
23485,4096
23486,18541
23487,649
23488,18542
23489,921
23490,18543
23491,18544
23492,161
23493,18545
23494,3788
23495,18546
23496,1382
23497,2908
23498,7678
23499,18547
23500,18548
23501,741
23502,43
23503,18549
23504,18550
23505,8323
23506,15110
23507,18551
23508,5232
23509,18552
23510,18553
23511,2276
23512,18554
23513,18555
23514,2965
23515,18556
23516,18557
23517,18558
23518,10438
23519,18559
23520,18560
23521,18561
23522,18562
23523,18563
23524,18564
23525,18565
23526,18566
23527,18567
23528,18568
23529,3191
23530,18569
23531,18570
23532,18571
23533,18572
23534,10651
23535,18573
23536,659
23537,18574
23538,18575
23539,18576
23540,18577
23541,18421
23542,9642
23543,18578
23544,18579
23545,18580
23546,18581
23547,18582
23548,4081
23549,18583
23550,18584
23551,3313
23552,16051
23553,7528
23554,10834
23555,18585
23556,13903
23557,18586
23558,18587
23559,3960
23560,18588
23561,18589
23561,18590
23562,18591
23563,18592
23564,18593
23565,18594
23566,18595
23567,4778
23568,3288
23569,18596
23570,1656
23571,3222
23572,18597
23573,2471
23574,18598
23575,18599
23576,17163
23577,18600
23578,7394
23579,18601
23580,7770
23581,18602
23582,18603
23582,18604
23582,18605
23583,225
23584,5483
23585,18606
23586,7400
23587,18607
23588,8219
23589,9771
23590,2714
23591,4881
23592,2019
23593,13343
23594,18608
23595,18609
23596,18610
23597,7984
23598,18611
23599,18612
23600,16210
23601,18613
23602,18176
23603,7290
23604,3697
23605,1442
23606,18614
23607,2128
23608,18615
23609,18616
23610,18617
23611,14697
23612,18618
23613,18619
23614,7338
23615,18620
23616,18621
23617,18622
23618,18623
23619,5582
23620,11399
23621,18624
23622,8121
23623,18625
23624,18626
23625,18627
23626,18628
23626,14978
23627,18629
23628,7161
23629,18630
23630,18631
23631,18632
23632,18633
23633,1251
23634,18634
23635,18635
23636,18636
23637,13678
23637,6462
23638,18637
23639,18638
23640,2498
23641,18639
23642,18640
23643,18641
23644,18642
23644,18643
23645,18644
23645,18645
23646,18646
23647,13901
23648,2076
23649,18647
23650,16021
23651,18648
23651,18649
23652,18650
23652,18651
23653,18652
23654,18653
23655,6936
23656,18654
23657,18655
23658,18656
23659,5242
23659,5243
23660,18657
23661,18658
23662,18659
23662,18660
23663,18661
23664,7652
23665,18662
23666,18663
23667,18664
23668,1577
23669,2598
23670,6590
23671,18665
23672,18666
23673,18667
23674,18668
23675,1830
23676,1702
23677,193
23678,18669
23679,9013
23680,18670
23681,18671
23681,16153
23682,7843
23683,6716
23684,2039
23685,18672
23686,9130
23687,18673
23687,18674
23687,18675
23687,18676
23687,18677
23687,18678
23688,18679
23689,18680
23690,2100
23691,18681
23692,2383
23693,18682
23694,18683
23695,18684
23696,18685
23697,18686
23698,261
23699,3047
23700,18687
23700,8771
23700,18688
23701,18689
23702,18690
23702,18691
23703,4989
23704,10324
23705,7999
23706,1735
23707,1212
23708,13372
23709,18692
23710,18693
23711,991
23712,18694
23713,4749
23713,18695
23714,18696
23715,9713
23716,18697
23717,18698
23718,1668
23719,18699
23720,18700
23721,18701
23722,18702
23723,18703
23724,18704
23724,18705
23725,1241
23726,18706
23727,18707
23728,18708
23729,12161
23730,18709
23731,18710
23732,18711
23732,6482
23733,18712
23734,18713
23735,18714
23736,11079
23737,18715
23738,18716
23739,5487
23740,109
23741,6687
23742,1483
23743,1761
23744,18717
23745,18718
23745,18719
23746,262
23747,18720
23748,1014
23749,18721
23750,18722
23751,4560
23752,18723
23753,18724
23754,18725
23755,18726
23756,18727
23757,6876
23758,1361
23759,3024
23760,10102
23761,18728
23762,18729
23763,18730
23763,18731
23764,18732
23765,18733
23766,18734
23767,18735
23768,1302
23769,18736
23770,15962
23771,18737
23772,786
23773,10881
23774,18738
23775,2715
23776,18739
23776,18740
23777,18741
23778,4141
23779,913
23780,18742
23781,18743
23782,18744
23783,18745
23784,3165
23785,6656
23785,18746
23786,4090
23787,18747
23788,18748
23789,18749
23790,18750
23791,252
23792,14127
23793,18751
23794,18752
23795,422
23796,2982
23797,2879
23798,9282
23799,1807
23800,18753
23801,18754
23802,18755
23803,3953
23804,18756
23805,12525
23806,788
23807,62
23808,8544
23809,5087
23810,17920
23811,5190
23812,18757
23813,18758
23814,2054
23815,18759
23816,18760
23817,18761
23818,18762
23819,18763
23819,18764
23820,78
23821,18765
23822,3131
23823,1301
23824,18766
23825,1470
23826,1800
23827,5719
23828,6174
23829,8365
23830,18767
23830,18768
23831,2950
23832,13277
23833,1435
23834,18769
23835,18770
23836,514
23837,18771
23838,847
23839,18772
23840,119
23841,18773
23842,4133
23843,1604
23844,18774
23845,18775
23846,1039
23847,18776
23848,2801
23849,5168
23850,304
23851,18600
23852,18777
23853,699
23853,4678
23853,18778
23853,126
23853,7217
23853,2965
23853,2582
23853,18779
23853,4329
23853,18780
23853,1734
23854,18781
23855,16654
23855,18782
23856,2513
23857,5350
23858,18783
23858,18093
23859,1070
23860,18784
23861,6616
23862,4626
23863,2218
23864,3902
23865,18785
23866,2828
23867,18786
23868,18415
23869,3717
23870,18787
23870,18788
23871,18789
23872,5289
23873,18790
23874,18791
23875,16506
23876,18792
23877,3309
23878,7723
23878,7724
23879,18793
23880,18794
23881,18795
23882,290
23882,291
23883,18796
23884,2772
23885,984
23886,18797
23887,18798
23888,18799
23889,11636
23890,18800
23890,18801
23891,18802
23892,18803
23893,18804
23893,18805
23894,18806
23895,1500
23896,838
23897,9183
23898,10055
23899,4595
23900,18807
23901,18808
23902,11711
23903,5994
23904,18809
23905,18810
23906,9317
23906,9318
23907,18811
23908,18812
23909,18813
23910,4255
23911,18814
23912,18815
23913,3503
23914,3642
23915,4383
23916,16469
23917,18816
23918,18817
23919,18178
23920,3353
23921,547
23922,18152
23923,7106
23924,8258
23925,18818
23926,18819
23927,18820
23928,18821
23929,18822
23930,18823
23931,18824
23931,18825
23932,18826
23933,18827
23933,18828
23933,18829
23933,18830
23934,18831
23935,18832
23936,8357
23937,18833
23938,18834
23939,16648
23940,16363
23941,18835
23942,18836
23943,231
23944,18837
23945,18838
23946,18839
23947,18840
23948,16140
23949,18841
23949,18842
23950,1877
23951,143
23952,4499
23953,18843
23953,18844
23954,18845
23955,18846
23955,18847
23956,18848
23957,18849
23958,18850
23959,1072
23960,18851
23961,18852
23962,13996
23963,1930
23964,4515
23965,18853
23966,3104
23967,5447
23968,18854
23969,18855
23970,9027
23971,18856
23973,807
23974,12043
23975,18857
23975,18858
23976,6644
23978,18859
23979,18860
23980,3332
23981,14734
23982,1009
23983,18861
23984,18862
23985,18863
23986,4153
23987,18864
23988,18865
23989,18866
23990,18867
23991,18868
23992,18869
23992,18870
23993,4006
23993,18871
23994,18872
23994,18873
23994,18874
23995,18875
23995,18876
23996,13183
23997,18877
23998,5401
23999,4498
24000,6213
24001,18878
24002,2712
24003,6484
24004,18879
24005,10861
24006,18880
24007,3963
24008,5470
24009,2800
24010,13045
24011,18881
24012,18882
24013,18883
24014,3079
24015,18884
24016,18885
24017,18886
24018,9209
24019,18887
24020,18888
24021,18889
24022,18890
24023,18891
24024,18892
24025,10160
24026,18893
24027,396
24028,18894
24029,18895
24030,18896
24030,18897
24031,2491
24032,18898
24032,8121
24032,1794
24032,18795
24032,3585
24032,18899
24033,18900
24034,18901
24035,8756
24036,18902
24036,18903
24037,4166
24038,9176
24039,2134
24040,18904
24041,1532
24042,3407
24043,14905
24044,6918
24045,4863
24046,18905
24047,822
24048,18906
24049,16203
24050,18907
24051,18908
24052,18909
24053,2931
24054,3223
24055,5667
24056,18910
24057,18911
24058,2798
24059,18912
24060,18913
24061,17905
24062,15352
24063,18914
24064,4720
24065,11985
24066,18915
24067,5128
24068,5156
24069,7128
24070,18916
24071,1378
24072,15274
24073,4627
24074,17859
24075,18917
24076,18918
24077,18919
24078,18920
24079,18921
24080,18922
24081,18923
24082,18924
24083,800
24084,18925
24085,15327
24086,18926
24087,18927
24088,18928
24089,4394
24090,18929
24090,18930
24091,18931
24092,18932
24093,993
24094,4679
24095,5892
24096,18933
24097,18934
24098,18935
24099,18936
24100,13670
24101,5790
24102,18937
24103,18938
24104,18939
24105,18940
24106,18941
24107,18942
24108,6324
24109,6365
24110,9992
24111,18943
24112,18944
24113,18945
24114,18946
24115,18947
24116,13481
24117,6440
24118,18948
24120,18949
24121,18950
24122,18951
24123,6233
24124,18952
24125,18953
24126,6007
24127,5970
24128,18954
24129,2589
24130,18955
24131,18956
24132,4013
24132,18957
24133,1702
24134,18958
24135,18959
24136,18960
24137,18961
24138,1991
24139,397
24140,15686
24141,18962
24142,4310
24143,18963
24144,18964
24145,18965
24146,3154
24147,18966
24148,5
24149,18967
24149,18968
24150,18969
24151,11202
24152,4986
24153,13941
24154,18970
24155,1147
24156,184
24157,11501
24158,18971
24158,15175
24159,18972
24160,15088
24161,18973
24162,18974
24163,18975
24163,18976
24164,18977
24164,18978
24164,18979
24164,18980
24164,8823
24164,18981
24164,18982
24164,18983
24164,18984
24164,18985
24164,18986
24164,18987
24164,18988
24164,18989
24164,18990
24164,18991
24164,18992
24164,18993
24164,18994
24165,18995
24166,16005
24167,11768
24168,706
24169,18996
24170,8874
24171,18997
24171,18998
24172,9702
24173,5223
24174,18999
24175,19000
24176,19001
24177,19002
24178,19003
24179,15491
24180,848
24181,19004
24182,19005
24183,2733
24184,19006
24185,19007
24186,18292
24187,4787
24188,19008
24189,19009
24190,19010
24191,19011
24192,19012
24193,19013
24194,19014
24195,19015
24196,19016
24197,19017
24198,19018
24199,19019
24200,19020
24201,3276
24202,19021
24203,19022
24204,19023
24205,19024
24206,19025
24207,19026
24208,11609
24209,19027
24210,19028
24211,17193
24212,19029
24212,19030
24213,19031
24214,19032
24215,19033
24216,7699
24217,19034
24218,19035
24218,19036
24219,4657
24220,1607
24221,360
24222,19037
24223,19038
24224,4117
24225,19039
24226,19040
24227,6259
24228,19041
24229,19042
24230,19043
24231,19044
24232,7285
24233,4357
24234,19045
24235,2572
24236,4928
24237,19046
24238,19047
24239,19048
24240,19049
24241,19050
24242,6495
24243,19051
24244,1620
24245,8595
24246,19052
24247,19053
24248,3686
24249,19054
24250,19055
24251,12526
24252,19056
24252,19057
24253,1287
24254,8427
24255,19058
24256,19059
24257,19060
24258,19061
24259,19062
24260,19063
24261,19064
24262,19065
24263,19066
24263,19067
24264,19068
24265,19069
24265,19070
24266,1390
24267,5029
24268,15114
24269,19071
24270,19072
24271,19073
24272,19074
24273,19075
24274,19076
24274,19077
24275,12565
24276,19078
24277,19079
24278,19080
24279,9180
24280,13821
24281,19081
24282,15759
24283,753
24284,2728
24284,7118
24285,3108
24286,19082
24287,19083
24287,19084
24288,19085
24289,7851
24290,5601
24291,19086
24292,5921
24293,1804
24294,19087
24294,19088
24295,19089
24296,6579
24297,8661
24298,2637
24299,19090
24300,13958
24301,5573
24302,2600
24303,19091
24304,19092
24305,1924
24306,19093
24307,19094
24308,19095
24309,8230
24310,19096
24310,19097
24311,19098
24312,19099
24313,19100
24314,4964
24315,2592
24316,6354
24317,19101
24318,4727
24319,5989
24320,19102
24321,19103
24322,19104
24323,19105
24324,3112
24325,7101
24325,19106
24326,6345
24327,2456
24327,2804
24327,3390
24328,15439
24328,19107
24329,19108
24330,19109
24331,19110
24332,19111
24333,19112
24334,6043
24335,4160
24336,243
24337,6341
24338,16483
24339,19113
24340,19114
24341,19115
24342,3568
24343,19116
24344,19117
24345,11204
24346,15093
24347,19118
24348,15753
24349,19119
24350,19120
24351,19121
24352,19122
24353,19123
24354,19124
24355,19125
24356,19126
24357,7667
24358,19127
24359,6905
24360,12980
24361,19128
24362,19129
24363,3381
24364,8320
24365,1169
24366,2699
24367,8119
24368,19130
24369,1107
24370,19131
24371,16561
24372,19132
24373,5972
24374,2466
24375,1456
24376,1673
24377,2407
24378,13295
24379,19133
24379,19134
24380,18744
24381,19135
24382,1472
24383,15574
24384,19136
24385,9762
24386,19137
24387,6822
24387,19138
24388,19139
24389,19140
24390,2367
24391,19141
24392,8369
24393,19142
24394,19143
24395,5585
24396,19144
24397,3296
24398,19145
24399,18392
24400,324
24401,1510
24402,4488
24403,19146
24403,19147
24404,2598
24405,19148
24406,2016
24407,19149
24408,19150
24409,19151
24409,1382
24410,19152
24411,7654
24412,3804
24413,19153
24414,19154
24415,1718
24416,19155
24416,9973
24417,19156
24418,19157
24419,19158
24420,19159
24421,19160
24422,7969
24422,7970
24423,18285
24424,19161
24425,19162
24425,3211
24426,8326
24427,2249
24428,19163
24429,19164
24430,19165
24431,10070
24432,19166
24433,17938
24434,19167
24435,19168
24436,19169
24437,6502
24438,5659
24439,19170
24440,1538
24441,19171
24442,19172
24443,1668
24444,770
24445,19173
24446,312
24447,8315
24448,19174
24449,2522
24450,19175
24450,19176
24451,19177
24452,19178
24453,19179
24454,19180
24455,5136
24456,12339
24457,19181
24458,927
24459,19182
24460,1780
24461,2820
24462,19183
24463,19184
24464,19185
24465,19186
24466,4073
24467,3230
24468,19187
24469,19188
24470,4898
24471,2179
24472,13586
24473,19189
24474,1834
24475,10234
24476,7926
24477,19190
24478,19191
24478,19192
24479,19193
24480,12000
24481,5547
24482,19194
24483,1862
24484,9669
24485,17251
24486,10169
24487,19195
24488,19196
24489,19197
24490,2921
24491,19198
24492,19199
24493,19200
24495,2677
24496,19201
24497,19202
24498,19203
24499,19204
24500,6549
24501,19205
24502,19206
24503,5551
24504,19207
24505,16080
24506,19208
24507,19209
24507,19210
24508,19211
24509,19212
24510,19213
24511,19214
24512,14170
24513,16384
24514,8380
24515,4166
24515,19215
24516,2797
24517,19216
24518,7854
24519,19217
24520,2637
24521,19218
24522,10153
24523,3433
24524,2765
24525,5682
24527,19219
24528,19220
24529,19221
24530,6174
24531,6370
24531,11673
24532,19222
24533,19223
24534,4870
24535,19224
24536,1467
24537,19225
24539,19226
24540,3036
24541,10733
24542,19227
24543,19228
24544,19229
24545,16483
24546,15906
24547,2101
24548,19230
24549,19231
24550,19232
24551,4420
24552,6198
24553,19233
24554,19234
24555,19235
24556,19236
24556,19237
24556,19238
24556,19239
24557,19240
24558,2016
24559,4963
24560,236
24561,19241
24562,19242
24563,1804
24564,18758
24565,625
24566,19243
24567,5965
24568,19244
24569,11796
24570,19245
24571,263
24572,19246
24573,19247
24574,19248
24574,19249
24575,8453
24576,19250
24577,19251
24578,19252
24579,3203
24580,489
24581,19253
24582,7744
24583,5167
24584,1569
24585,542
24585,19254
24585,4235
24585,7727
24585,135
24586,3293
24587,19255
24588,19256
24589,19257
24590,18274
24591,16336
24592,19258
24593,19259
24594,19260
24595,4477
24596,19261
24597,2561
24598,1703
24599,5483
24600,19262
24601,11312
24602,3157
24603,19263
24603,19264
24603,19265
24603,19266
24604,19267
24605,10726
24606,9423
24607,4652
24608,19268
24609,19269
24610,6600
24611,5085
24611,19270
24612,19271
24613,19272
24614,19273
24615,8315
24616,19274
24617,19275
24618,5153
24619,19276
24620,19277
24621,11396
24622,19278
24623,19279
24624,13854
24625,19280
24626,4246
24627,19281
24628,19282
24629,6160
24630,19283
24631,19284
24632,5245
24633,6046
24634,1241
24635,8125
24636,9628
24637,19285
24638,19286
24639,19287
24640,9903
24641,19288
24642,2215
24643,2889
24644,19289
24644,19290
24646,11665
24647,19291
24648,19292
24649,19293
24650,19294
24651,2923
24652,1270
24653,19295
24654,10579
24655,19296
24656,19297
24657,19298
24658,7422
24659,19299
24660,497
24661,397
24662,19300
24663,19301
24664,640
24665,2276
24666,19302
24667,19303
24668,19304
24669,1097
24670,9542
24671,13490
24672,4476
24673,17534
24674,788
24675,18807
24676,699
24677,6969
24678,1517
24679,815
24680,19305
24681,5274
24682,2584
24683,6038
24684,19306
24685,19307
24686,19308
24686,19309
24687,19310
24688,7103
24689,19311
24690,19312
24691,7120
24692,7322
24693,2822
24694,19313
24695,6424
24696,19314
24697,19315
24698,740
24699,19316
24700,19317
24701,19318
24702,5461
24703,9881
24704,19319
24705,5373
24706,19320
24707,19321
24708,19322
24709,19323
24710,66
24711,19324
24712,7146
24713,2473
24714,19325
24715,16074
24716,128
24717,17329
24718,1796
24719,19326
24719,19327
24721,7637
24722,7187
24723,19328
24724,9903
24725,10295
24726,618
24726,19329
24727,4497
24728,7186
24729,19330
24730,19331
24731,19332
24732,19333
24733,2422
24734,19334
24735,19335
24736,19336
24737,19337
24738,19338
24739,19339
24740,9287
24741,2024
24742,2402
24743,19340
24744,5768
24745,19341
24746,15606
24747,892
24747,891
24748,19342
24749,19343
24750,1368
24751,19344
24752,19345
24753,19346
24754,19347
24755,10176
24756,19348
24757,19349
24758,12416
24759,19350
24760,13994
24761,800
24762,3371
24763,19351
24764,1141
24765,3467
24766,2974
24767,2799
24768,19352
24769,19353
24770,5962
24771,14972
24772,694
24774,8971
24775,1260
24776,2784
24777,19354
24778,19355
24779,5065
24780,2308
24781,19356
24782,19357
24783,15093
24784,12901
24785,19358
24786,19359
24787,19360
24788,421
24789,19359
24790,19361
24791,19362
24792,19363
24793,19364
24793,19365
24794,19366
24795,19367
24796,19368
24797,2625
24798,19369
24799,5388
24800,19370
24801,19371
24802,19372
24803,19373
24804,763
24805,9896
24806,19374
24806,332
24807,19375
24808,18105
24809,19376
24810,11689
24811,19377
24812,19378
24813,19379
24814,2600
24815,19380
24816,19381
24817,1097
24818,18840
24819,14090
24820,1711
24821,19382
24822,19383
24823,19384
24824,19385
24825,19386
24826,19387
24827,18792
24827,19388
24828,1659
24829,9230
24830,4731
24831,19389
24832,19390
24833,19391
24834,19392
24835,19393
24835,45
24836,3317
24837,6722
24838,7120
24839,258
24840,8800
24841,19394
24842,19395
24843,19396
24844,19397
24845,19398
24846,9981
24847,19399
24848,1432
24849,18413
24849,19400
24850,8797
24851,11204
24852,1977
24853,275
24854,3390
24855,7451
24856,11667
24857,9870
24858,19401
24859,7442
24860,19402
24861,3943
24862,3634
24863,4001
24864,3104
24865,19403
24866,1284
24867,19404
24868,13096
24869,19405
24870,2742
24871,19406
24872,6723
24873,19407
24874,19408
24875,19409
24875,19410
24876,19411
24877,8115
24878,19412
24879,19186
24880,2825
24881,10367
24882,19413
24883,10067
24884,19414
24885,19415
24886,19415
24887,19416
24888,19417
24889,16422
24890,19418
24891,19419
24892,19420
24893,6386
24894,19421
24895,12357
24896,19422
24897,19423
24898,19424
24899,7865
24900,3618
24901,16300
24902,2161
24903,4025
24904,19425
24905,12918
24906,11355
24907,19426
24908,3830
24909,3987
24910,19427
24910,19428
24911,19429
24912,19430
24913,19431
24914,11742
24915,19432
24916,19433
24917,19434
24918,19435
24919,19436
24920,19437
24921,19438
24922,16177
24922,15700
24923,19439
24924,18112
24925,7900
24926,2637
24927,19440
24928,19441
24929,9556
24930,19442
24930,19443
24931,19444
24932,19445
24933,19446
24934,2997
24935,19447
24936,4297
24937,19448
24937,12216
24938,19449
24938,19450
24939,19451
24940,15853
24941,19452
24942,2110
24943,6424
24944,19453
24945,19454
24946,19455
24947,6077
24948,19456
24949,19457
24950,19458
24951,19459
24952,1729
24953,19460
24954,19461
24955,18916
24955,19462
24956,19463
24957,1179
24958,19464
24958,19465
24959,2233
24959,6063
24960,19466
24961,3089
24962,1423
24963,2669
24964,19467
24965,4700
24965,19468
24965,19469
24966,19470
24967,925
24968,4441
24969,3288
24970,1688
24971,6642
24972,19471
24973,1377
24974,19472
24974,19473
24975,19474
24976,19475
24977,19476
24978,19477
24979,19478
24980,19479
24981,19410
24982,14167
24983,2330
24984,19480
24985,11361
24986,19481
24987,11900
24988,19482
24989,7488
24990,19483
24991,2750
24992,19484
24993,19485
24993,19486
24994,19487
24995,4086
24996,15934
24997,19488
24998,6579
24999,19489
25000,19490
25001,1908
25002,3048
25003,19491
25004,19492
25005,19493
25006,1821
25007,19013
25008,19494
25009,19495
25009,19496
25010,19497
25011,8619
25012,19320
25013,19498
25014,19499
25015,19500
25016,19501
25017,19502
25017,19503
25018,6140
25019,15424
25020,2157
25021,5788
25022,19504
25023,2155
25024,6997
25025,11430
25026,6767
25027,19505
25028,16190
25028,16191
25029,19506
25030,10902
25031,18320
25032,19507
25033,19508
25034,52
25035,18436
25036,4798
25037,19509
25038,2246
25040,19510
25041,4696
25042,1200
25043,19511
25044,19512
25045,11497
25046,19513
25047,19514
25048,1523
25049,11800
25049,11801
25050,19515
25051,8541
25052,2834
25053,2710
25053,5737
25054,19516
25054,19517
25055,19518
25056,19519
25056,19520
25057,5057
25058,4146
25059,19521
25060,10117
25061,10076
25062,6886
25063,1977
25064,19522
25065,2927
25066,19523
25067,19524
25068,10452
25069,19525
25070,1425
25071,19526
25072,19527
25073,19528
25074,19529
25075,19530
25076,19531
25077,3478
25078,19532
25079,11142
25080,3873
25081,19533
25081,19534
25082,19535
25083,420
25084,19536
25085,19537
25086,19538
25087,19539
25088,19540
25089,978
25090,6224
25091,4842
25092,7453
25093,19541
25094,993
25095,13659
25096,19542
25097,19543
25098,9515
25099,19544
25100,19545
25101,19546
25101,19547
25102,19548
25102,19549
25103,19550
25104,19551
25105,19552
25106,19553
25107,447
25108,19554
25109,19555
25110,643
25111,19556
25112,19557
25113,19558
25114,1080
25115,19559
25116,19560
25117,1679
25118,19561
25119,19562
25120,13699
25121,4856
25122,19563
25123,360
25124,5545
25125,19564
25125,19565
25126,17834
25127,19566
25127,19567
25128,19568
25129,1621
25130,19569
25131,6985
25132,19570
25133,19571
25134,19572
25135,19573
25136,19574
25137,19575
25138,971
25139,19576
25141,3229
25142,158
25143,5621
25144,517
25145,3943
25146,19577
25147,19578
25148,19579
25149,1989
25150,11851
25151,18032
25151,18033
25152,3703
25153,9089
25154,2548
25155,18004
25156,19580
25157,19581
25157,19582
25158,19583
25159,19584
25160,7716
25161,19585
25161,19586
25162,1067
25163,19587
25164,8505
25165,19588
25166,19589
25167,19590
25168,19591
25168,4175
25169,18217
25170,18791
25171,19177
25172,8971
25173,19592
25174,19593
25174,19594
25175,19595
25175,19596
25175,19597
25176,19598
25177,1002
25178,19599
25179,19600
25180,4498
25181,19601
25182,19602
25183,19603
25183,19604
25185,19605
25186,19606
25187,2047
25188,19607
25189,19608
25190,10094
25191,19609
25192,19610
25193,19611
25194,6819
25195,14482
25196,19612
25197,19613
25198,19614
25199,19615
25200,19616
25201,10550
25202,19617
25203,19618
25204,13898
25205,2255
25206,286
25207,7955
25208,19619
25209,19620
25210,19621
25211,19622
25212,3169
25213,19623
25214,19624
25215,8331
25215,7746
25216,19625
25217,19626
25218,750
25219,19627
25220,19254
25221,19628
25222,19629
25223,19630
25224,8519
25225,19631
25226,3214
25227,19632
25227,1761
25227,4693
25228,19406
25229,19633
25230,19634
25231,19635
25232,1360
25233,6463
25234,17588
25235,19636
25235,2900
25236,19637
25237,19638
25238,19639
25239,19640
25240,19641
25241,19642
25242,2089
25243,8175
25244,19643
25245,8731
25246,18320
25247,19644
25248,19645
25249,16099
25250,19646
25251,2724
25252,13368
25253,19647
25254,19648
25254,19649
25254,19650
25254,19651
25254,19652
25255,19653
25255,175
25256,9147
25257,19654
25258,19655
25259,19656
25260,19657
25260,19658
25261,19659
25262,6886
25263,19660
25264,2330
25265,1396
25266,19661
25267,19662
25268,160
25269,19663
25270,11116
25271,19664
25272,19665
25273,19666
25274,19667
25275,628
25276,19668
25277,19669
25278,19670
25279,19671
25280,19672
25281,19673
25282,19674
25283,19675
25284,15208
25284,15209
25285,16166
25285,16167
25286,19676
25287,19677
25287,19678
25288,920
25289,19679
25290,19680
25291,3449
25292,19681
25293,6025
25294,868
25295,6015
25296,19682
25297,663
25298,773
25299,19683
25300,19684
25301,19685
25302,19686
25303,19687
25304,19688
25305,19689
25306,7660
25307,19690
25308,19691
25309,19692
25310,2931
25311,8987
25312,19051
25313,19693
25314,2280
25315,5752
25316,19694
25317,19695
25318,19696
25319,4365
25320,7384
25321,385
25322,2482
25323,19697
25324,9601
25325,19698
25326,19699
25327,2224
25328,19700
25329,19701
25330,2343
25331,19702
25332,16395
25333,19703
25334,19704
25335,3856
25336,307
25337,19705
25338,19706
25339,19707
25340,19708
25341,4353
25342,1835
25343,19709
25344,19710
25345,1817
25346,19711
25347,19712
25348,9956
25349,79
25350,19713
25351,19714
25352,19715
25353,19716
25354,19717
25355,19718
25356,19719
25357,19720
25358,19721
25359,19722
25360,19723
25361,19724
25362,19725
25363,19726
25364,19727
25365,19728
25365,19729
25366,19730
25367,19731
25368,2902
25369,19732
25370,19733
25371,19734
25372,19735
25373,7537
25374,115
25375,19736
25376,19737
25377,6594
25378,135
25379,19738
25380,19739
25381,19740
25382,553
25382,19741
25383,19742
25384,3812
25385,3450
25386,19743
25387,19744
25388,8322
25389,8242
25390,19745
25391,19746
25392,19747
25393,83
25394,19748
25395,19749
25396,19750
25397,5087
25398,19751
25399,5399
25400,5850
25401,753
