Film_id,Writer_id
22379,16035
22379,23184
22380,23185
22381,23186
22381,23187
22381,23188
22383,23189
22383,20108
22383,23190
22384,23191
22384,14725
22384,23192
22384,6746
22384,1779
22384,23193
22384,23194
22385,23195
22385,23196
22385,23197
22385,23198
22386,1565
22386,1566
22387,23199
22387,23200
22387,23201
22388,2905
22388,5476
22388,2907
22389,23202
22390,8129
22391,23203
22391,23204
22392,23205
22393,23206
22393,23207
22393,23208
22394,23209
22395,23210
22395,23211
22396,23212
22397,23213
22398,23214
22399,21875
22400,23215
22402,23216
22403,6615
22403,6926
22404,23217
22404,23218
22405,23219
22405,23220
22405,722
22406,23221
22407,23222
22407,23223
22408,23224
22409,23225
22409,23226
22409,23227
22410,23228
22411,23229
22411,23230
22411,23231
22412,23232
22412,23233
22413,7986
22414,23234
22414,23235
22415,23236
22416,23237
22417,23238
22418,7942
22419,23239
22420,23240
22421,1142
22422,23241
22422,23242
22423,23243
22423,23244
22423,23245
22423,23246
22423,23247
22423,23248
22424,20880
22424,23249
22424,23250
22424,23251
22425,3336
22426,5080
22426,23252
22428,23253
22429,6285
22429,6287
22431,23254
22432,23255
22433,2608
22433,23256
22433,23257
22433,3950
22434,23258
22434,23259
22434,23260
22434,23261
22434,23262
22434,23263
22435,1993
22436,23264
22437,4991
22437,4992
22438,5225
22439,23265
22439,23266
22440,20620
22440,23267
22441,23268
22442,23269
22442,23270
22443,5666
22443,3375
22443,23271
22443,23272
22444,23273
22444,20777
22444,23274
22444,23275
22446,7698
22447,23276
22447,23277
22449,23278
22449,23279
22451,730
22451,341
22451,6615
22451,23280
22452,2482
22453,10782
22453,21109
22454,21658
22454,23281
22454,23282
22454,23283
22454,23284
22454,23285
22454,23286
22454,23287
22454,23288
22455,23289
22455,23290
22455,2496
22455,21242
22457,23291
22457,23292
22458,23293
22459,23294
22459,23295
22460,23296
22461,20646
22461,20647
22461,23297
22461,23298
22461,728
22461,23299
22461,20892
22461,20800
22462,23300
22463,23301
22464,23302
22465,23303
22465,23304
22465,9393
22465,9058
22466,23305
22468,23306
22468,3015
22468,3014
22469,23307
22469,4279
22470,1349
22470,23308
22471,959
22471,23309
22471,23310
22472,23311
22473,23312
22473,23313
22474,23314
22474,23315
22475,23316
22475,23317
22476,23318
22476,23319
22477,866
22477,23320
22477,23321
22478,5634
22478,23322
22478,23323
22479,23324
22479,23325
22480,23326
22480,23327
22480,23328
22480,23329
22480,23330
22481,23331
22481,2674
22481,2675
22481,21652
22482,23332
22483,468
22483,23333
22483,23334
22483,20606
22484,164
22485,23335
22485,23336
22486,23337
22486,12039
22486,23338
22489,23339
22489,23340
22490,5535
22490,12609
22491,23341
22491,2509
22492,15214
22492,23342
22493,12551
22494,717
22494,23343
22495,12132
22496,1446
22496,23344
22496,23345
22496,1011
22498,23346
22500,7867
22501,23347
22501,648
22501,23348
22501,23349
22502,23350
22502,23351
22502,23352
22502,23353
22502,23354
22502,23355
22503,23356
22503,23357
22504,2839
22504,2840
22505,5328
22505,556
22507,4445
22507,23358
22507,23359
22507,6873
22507,23360
22508,23361
22509,2305
22509,23362
22509,288
22509,23363
22509,23364
22509,23365
22509,280
22509,21366
22509,23366
22510,20660
22510,23367
22510,23368
22511,571
22511,6700
22511,23369
22512,23370
22512,342
22513,7286
22513,23371
22514,23372
22515,4010
22515,23373
22515,13456
22516,13500
22516,23374
22519,23375
22519,23376
22519,23377
22520,5545
22520,23378
22521,23379
22521,23380
22521,5359
22522,23381
22522,23382
22523,23383
22523,15953
22524,7906
22525,23384
22525,23385
22525,23386
22525,23387
22525,23388
22526,4294
22526,6516
22526,23389
22527,23390
22528,14427
22528,23391
22529,23392
22530,4717
22531,23393
22531,23394
22532,261
22532,11117
22532,23395
22533,23396
22533,23397
22533,8952
22533,8951
22534,23398
22535,2583
22535,3193
22535,408
22535,406
22535,20908
22535,23399
22535,470
22536,23400
22536,23401
22536,9393
22536,23304
22536,23402
22537,984
22538,23403
22539,23404
22539,23405
22539,23406
22540,23407
22540,7187
22541,23408
22541,23409
22542,23410
22543,5771
22543,23411
22544,23412
22544,23413
22545,23414
22546,3873
22546,4623
22546,7631
22547,713
22547,23415
22547,23416
22547,3649
22547,23417
22548,315
22548,316
22548,417
22548,23418
22548,23419
22548,411
22549,23420
22549,23421
22549,5315
22549,728
22549,729
22550,23422
22550,23423
22550,23424
22551,457
22551,1679
22552,23425
22553,4819
22553,4820
22553,2650
22554,4632
22554,5130
22554,5129
22555,1217
22556,23426
22557,23427
22557,23428
22557,23429
22558,23430
22559,23431
22559,23432
22559,23433
22560,12245
22560,4960
22561,23434
22562,23435
22562,1159
22562,23436
22563,1801
22563,23437
22564,190
22564,23438
22564,9375
22564,23439
22564,23440
22565,4445
22565,23441
22566,14729
22566,11534
22566,23442
22567,23443
22567,23444
22569,23445
22569,23446
22570,23447
22570,23448
22571,23449
22571,23450
22572,9592
22573,23451
22573,23452
22574,20643
22574,20644
22574,4523
22575,23453
22576,23454
22577,23455
22578,22872
22579,1288
22579,23456
22580,23457
22581,11850
22581,23458
22582,20957
22582,20958
22583,23459
22583,23460
22584,23461
22584,1373
22584,23462
22584,1374
22585,23463
22586,8396
22586,3969
22586,23464
22587,23465
22587,23466
22589,1748
22589,23467
22590,5080
22590,23468
22590,2316
22591,23469
22591,23470
22592,1217
22592,23471
22592,23472
22592,23473
22592,23474
22593,23475
22593,23476
22593,23477
22594,23478
22594,23479
22595,23480
22596,2189
22596,142
22596,23481
22596,23482
22596,23483
22596,23366
22597,23484
22598,20627
22600,23485
22600,23486
22601,263
22601,21439
22602,21368
22602,19779
22602,23487
22602,699
22603,14114
22604,23488
22605,20738
22605,23489
22606,23490
22606,23489
22607,20993
22607,2376
22608,23491
22609,23492
22610,23493
22610,23494
22610,12238
22610,23495
22610,23496
22611,23497
22612,23498
22612,23499
22613,13819
22613,23500
22614,23501
22615,23502
22616,23503
22616,8875
22616,23504
22617,23505
22617,23506
22617,23507
22618,3193
22618,1147
22618,23508
22618,23509
22619,23510
22620,20756
22620,23511
22621,1302
22622,856
22622,23512
22623,4235
22623,23513
22624,23514
22626,23515
22626,23516
22627,23517
22627,13583
22627,23518
22627,23519
22628,23520
22628,23521
22628,23522
22628,23523
22629,23524
22630,23525
22630,6026
22630,20891
22630,4484
22630,23526
22631,20872
22632,23527
22632,1
22632,23528
22633,2348
22633,23529
22634,264
22635,23530
22635,23531
22635,23532
22636,23533
22636,2083
22636,2388
22636,23534
22636,23535
22637,23536
22637,23537
22637,23538
22638,23539
22639,23540
22640,23541
22641,12603
22641,359
22642,23542
22642,9317
22642,20651
22643,23543
22643,23544
22643,7887
22643,887
22644,23545
22645,23546
22645,23547
22646,23548
22647,16873
22649,23549
22649,9650
22650,23550
22650,23551
22651,23552
22652,23553
22653,23554
22653,8829
22654,23555
22654,23556
22654,23557
22654,23558
22655,1892
22656,23559
22656,3505
22657,23560
22658,23561
22659,23562
22659,23563
22660,23564
22660,23565
22660,23566
22661,5885
22661,23567
22661,23568
22661,11329
22662,23569
22662,23570
22662,23571
22663,23572
22664,23573
22665,23574
22665,23575
22665,23576
22666,1140
22667,23577
22668,2404
22668,23578
22668,23579
22668,6027
22669,23580
22669,8653
22669,23581
22669,23582
22669,23583
22670,23584
22670,23585
22671,21535
22671,21536
22671,21670
22671,21671
22672,1491
22673,23586
22673,23587
22673,23588
22673,23589
22674,23590
22675,5511
22675,14159
22675,23591
22676,14229
22677,1979
22677,1980
22677,23311
22678,1066
22678,829
22678,830
22680,23592
22681,4194
22681,21652
22682,23593
22682,23594
22682,23595
22683,23596
22683,23597
22684,23598
22684,23599
22685,23600
22685,23601
22686,23602
22686,23603
22687,3062
22687,1622
22688,23604
22688,9720
22689,20903
22689,10905
22690,21498
22691,2673
22691,2346
22691,23605
22692,138
22693,23606
22693,23607
22694,1565
22694,1566
22694,305
22695,23608
22695,23609
22695,23610
22695,23611
22695,23612
22696,212
22697,11438
22698,15215
22698,9944
22699,23613
22699,23614
22699,23615
22699,3966
22699,15639
22700,20707
22700,23616
22701,9504
22701,23617
22701,23618
22701,23619
22702,23620
22702,23621
22702,23622
22703,23623
22706,23624
22707,23625
22707,23626
22708,23627
22708,3276
22708,23628
22708,23629
22708,23630
22708,23631
22709,23632
22710,2496
22710,21242
22710,23633
22710,23634
22710,23635
22710,23636
22711,23637
22712,7422
22713,23638
22713,23639
22714,23640
22715,23641
22715,23642
22715,23643
22715,23644
22715,23645
22715,23646
22716,21461
22716,23647
22717,2787
22718,7693
22718,3903
22719,23648
22719,23649
22720,23650
22721,23651
22722,20918
22722,18613
22723,23652
22723,23653
22724,23654
22724,23655
22725,23656
22726,23657
22727,977
22728,23658
22728,23659
22728,5695
22728,23660
22729,23661
22729,23662
22730,23663
22731,23664
22731,4677
22732,23665
22732,23666
22733,23667
22733,23668
22734,23669
22734,23670
22734,23671
22734,23672
22735,412
22735,413
22735,648
22735,4745
22736,23673
22736,23674
22737,4278
22738,3941
22739,23675
22739,23676
22739,14156
22740,23677
22740,23678
22741,23679
22741,1079
22741,1082
22741,23680
22742,23681
22742,5107
22743,23682
22744,23683
22744,23684
22744,23685
22744,23686
22745,23687
22745,23297
22745,23298
22746,23688
22746,23689
22747,5555
22747,404
22747,405
22747,220
22748,23690
22748,23691
22748,23692
22748,23693
22749,8537
22749,23694
22750,23695
22751,23696
22752,6028
22752,6029
22752,1097
22753,12847
22754,23697
22754,23698
22754,23699
22754,23700
22754,23701
22755,23702
22756,23703
22757,23704
22757,23705
22758,23706
22759,23707
22760,23708
22760,23709
22761,938
22761,23710
22762,23711
22763,23712
22763,23713
22764,264
22764,23714
22764,23715
22764,23716
22765,21331
22765,21332
22765,23717
22766,20835
22766,23718
22767,23719
22768,23720
22768,23721
22769,23722
22770,23723
22770,23724
22771,23725
22772,23726
22773,23727
22773,401
22773,23728
22773,23729
22773,23730
22774,23731
22775,23732
22776,13387
22776,23733
22776,23734
22777,23735
22777,23736
22778,23737
22778,23738
22778,85
22779,11319
22779,9926
22780,23739
22782,23740
22783,23741
22783,23742
22784,23743
22785,23744
22786,23745
22787,23746
22789,23747
22789,23748
22790,23749
22792,23750
22793,23751
22794,23752
22794,23753
22795,23754
22795,18678
22796,2932
22796,23755
22797,23756
22797,2300
22797,15695
22797,23757
22798,648
22798,1941
22798,5545
22798,23758
22799,23759
22800,23760
22801,23761
22801,23762
22801,723
22802,5238
22803,23763
22803,23764
22804,23765
22805,23766
22805,23767
22805,4566
22806,5638
22807,23768
22807,23769
22807,23770
22808,23771
22808,23772
22809,23773
22809,23774
22810,23775
22810,23776
22810,23777
22811,23778
22812,20219
22813,23779
22813,5186
22814,23780
22815,23781
22816,23782
22817,18956
22817,18957
22817,18958
22818,23783
22819,15595
22819,13854
22820,23784
22820,23785
22820,11477
22820,23675
22821,23786
22821,23787
22821,23788
22821,3111
22823,23789
22823,23790
22824,8694
22824,23791
22824,23792
22825,5039
22825,5040
22825,16443
22826,23793
22827,17648
22828,6343
22828,23794
22828,23795
22829,23796
22829,23797
22829,17666
22829,5770
22830,5813
22830,23798
22830,23799
22830,23800
22830,23801
22832,15203
22833,23802
22833,23803
22833,23804
22833,23805
22834,23806
22834,23807
22835,1256
22836,23808
22837,23809
22837,3977
22838,23810
22839,23811
22839,23812
22840,9322
22840,9323
22841,2815
22842,23813
22842,23814
22842,23815
22843,23816
22843,23817
22844,388
22845,23818
22845,23819
22846,23820
22847,23821
22848,23822
22848,23823
22848,23824
22850,23825
22850,23826
22851,2710
22851,4017
22852,23827
22852,831
22852,832
22852,23415
22852,23416
22853,23828
22854,23829
22855,23830
22855,190
22856,8769
22856,8771
22856,23831
22856,23832
22856,23833
22858,1478
22858,1477
22858,2387
22858,23834
22858,23835
22859,23836
22860,11192
22861,23837
22862,23838
22863,6607
22863,21299
22864,23839
22864,23840
22864,23841
22864,23842
22865,23843
22865,23844
22865,23845
22865,23846
22866,23847
22866,522
22866,23848
22867,6138
22868,23849
22868,23850
22868,23851
22868,23852
22868,23853
22868,23854
22868,21441
22868,23855
22868,23856
22868,23857
22868,23858
22868,23859
22868,23860
22868,23861
22868,23862
22869,23863
22870,23864
22871,23865
22871,23866
22872,6351
22872,23867
22873,23868
22873,23869
22874,23870
22874,23871
22876,23872
22877,6056
22877,3018
22877,23873
22877,23874
22878,9818
22879,16842
22879,23875
22880,561
22880,562
22880,9045
22880,5468
22880,12046
22880,12047
22881,23876
22881,23877
22882,23878
22882,23879
22883,23880
22884,23881
22885,23527
22885,23882
22885,23883
22886,23884
22886,23885
22886,23886
22887,23887
22887,23888
22888,23889
22888,23890
22889,23891
22890,23892
22890,23893
22891,23894
22892,23895
22893,2661
22893,2660
22893,1198
22893,412
22893,413
22893,8655
22893,23896
22893,23897
22894,23898
22895,23899
22895,23900
22895,23901
22896,11848
22897,4546
22898,23902
22898,23903
22898,23904
22898,23905
22899,2404
22900,2547
22901,23906
22901,23907
22902,23908
22902,3129
22902,23909
22902,10953
22902,23910
22903,23911
22903,8599
22903,23912
22903,23913
22904,23914
22905,1998
22906,10638
22906,23915
22907,14678
22907,10265
22907,23916
22907,21838
22907,21839
22909,23917
22909,4083
22909,16593
22909,23918
22909,23919
22910,23920
22910,23921
22911,23922
22911,11067
22911,23923
22912,2810
22913,23924
22913,23925
22913,23926
22913,23927
22914,23928
22915,23929
22915,23930
22916,23931
22917,5280
22917,23932
22917,23933
22917,23934
22918,16413
22918,23935
22919,23936
22919,23937
22920,16189
22920,23938
22921,23939
22922,23940
22923,23941
22923,23942
22923,1453
22924,23943
22925,19947
22925,14669
22925,23944
22926,23945
22926,23946
22927,20781
22927,23947
22928,2253
22928,2252
22928,1442
22928,21776
22929,4097
22930,15934
22931,23948
22932,23949
22933,23950
22934,23951
22935,23952
22936,23953
22937,23954
22938,23955
22939,23956
22939,23957
22940,23958
22940,23959
22941,7575
22941,23960
22942,21507
22943,23961
22943,7544
22943,23962
22944,19771
22945,23963
22945,23964
22946,23965
22946,23966
22947,7558
22947,23967
22948,23968
22948,23969
22949,23970
22949,23971
22950,23972
22950,23973
22950,23974
22951,23975
22951,23976
22952,12085
22952,7698
22953,23977
22953,23978
22954,6942
22954,23979
22954,21544
22954,23980
22955,866
22956,23981
22956,23982
22957,23983
22958,6006
22958,23984
22958,21089
22958,23985
22959,23986
22960,23987
22961,23988
22962,23989
22963,23990
22964,23991
22965,23992
22965,9025
22965,9026
22965,23993
22965,23994
22966,23995
22966,23996
22966,7316
22967,23997
22967,23998
22967,5844
22968,23999
22968,24000
22969,24001
22969,24002
22970,24003
22971,24004
22971,24005
22972,7044
22972,8643
22973,8434
22973,24006
22974,3158
22975,24007
22976,24008
22977,24009
22978,24010
22978,24011
22979,24012
22980,24013
22981,24014
22981,24015
22982,829
22983,24016
22983,24017
22983,9078
22984,11295
22985,24018
22986,3408
22986,24019
22986,24020
22987,24021
22988,24022
22989,24023
22989,336
22990,24024
22990,24025
22990,24026
22991,5141
22992,24027
22993,24028
22993,24029
22994,24030
22995,14195
22995,6190
22996,24031
22996,24032
22997,24033
22997,24034
22999,24035
22999,24036
22999,24037
22999,7171
23000,24038
23000,12149
23001,24039
23001,24040
23002,24041
23002,3819
23003,2405
23003,24042
23004,16137
23005,10637
23005,24043
23006,21136
23006,24044
23006,24045
23007,24046
23008,24047
23008,24048
23009,24049
23010,24050
23010,24051
23011,24052
23012,24053
23013,13198
23014,24054
23014,24055
23015,24056
23015,24057
23015,6291
23015,24058
23016,24059
23017,615
23018,24060
23018,24061
23018,24062
23019,24063
23019,11213
23020,24064
23020,24065
23021,24066
23021,24067
23022,2247
23022,24068
23023,24069
23024,10865
23024,10866
23025,24070
23027,14392
23028,24071
23029,4735
23029,4736
23030,24072
23030,4027
23030,10429
23030,663
23030,16835
23031,2617
23033,7196
23034,5711
23035,24073
23036,24074
23036,4736
23037,24075
23039,23762
23040,24076
23041,3132
23041,3133
23041,20963
23042,24077
23043,24078
23043,24079
23043,304
23044,24080
23044,740
23044,741
23046,24081
23046,24082
23047,24083
23047,12061
23047,6332
23047,6333
23048,388
23049,24084
23050,24085
23051,24086
23052,19860
23053,13341
23054,1526
23054,1525
23054,769
23055,8598
23055,24087
23056,24088
23056,3556
23056,24089
23057,24090
23058,24091
23058,24092
23059,24093
23059,24094
23060,24095
23061,24096
23062,24097
23063,24098
23063,24099
23063,24100
23063,24101
23063,24102
23064,24103
23064,24104
23065,24105
23065,24106
23066,17315
23067,24107
23068,2815
23069,24108
23069,5127
23070,8702
23070,24109
23071,7231
23071,24110
23071,24111
23072,24112
23072,24113
23073,24114
23073,24115
23074,24116
23074,2254
23074,24117
23075,24118
23075,24119
23075,24120
23076,24121
23076,24122
23076,24123
23076,24124
23077,7955
23077,24125
23078,4176
23079,24126
23080,24127
23080,1364
23081,24128
23081,24129
23081,24130
23081,24131
23082,23847
23083,24132
23084,24133
23085,6817
23086,24134
23086,24135
23087,13276
23087,20599
23088,13107
23088,24136
23088,24137
23089,24138
23090,23826
23091,2901
23091,2653
23091,24139
23092,3112
23092,3917
23093,24140
23093,24141
23094,24142
23095,19851
23096,16443
23096,10027
23096,4354
23098,24143
23098,9
23099,24144
23099,3212
23099,24145
23100,24146
23100,23616
23100,24147
23100,24148
23101,24149
23102,24150
23102,24151
23102,24152
23103,6282
23103,14602
23103,24153
23104,24154
23105,24155
23106,24156
23107,901
23107,8122
23108,2274
23108,7164
23108,20687
23108,9189
23108,24157
23109,24158
23109,24159
23109,24160
23109,24161
23109,4097
23109,24162
23109,24163
23110,24164
23110,24165
23111,24166
23111,24167
23112,24168
23113,24169
23114,24170
23114,19500
23114,24171
23115,2851
23115,24172
23117,19400
23117,13162
23117,24173
23118,24174
23119,24175
23119,4875
23121,2450
23121,24176
23122,24177
23123,20933
23124,24178
23124,3665
23125,7733
23126,24179
23127,24180
23128,24181
23128,24182
23128,24183
23128,24184
23129,18948
23130,24185
23130,24186
23132,24187
23132,24188
23133,24189
23133,24190
23134,24191
23134,21717
23135,24192
23135,24193
23136,24194
23136,24195
23137,24196
23138,24197
23138,24198
23138,5100
23138,24199
23138,24200
23139,1070
23140,24201
23141,24202
23142,24203
23143,7561
23143,9178
23143,24204
23143,24205
23144,24206
23145,24207
23146,24208
23147,20912
23147,24209
23147,24210
23148,2615
23148,24211
23149,24212
23149,24213
23150,24214
23151,22675
23152,24215
23152,24216
23153,24217
23154,24218
23154,24219
23154,24220
23154,10426
23155,24221
23156,24222
23156,24223
23157,24224
23157,2273
23158,24225
23158,4727
23159,24226
23160,8529
23161,24227
23162,24228
23162,24229
23163,10088
23164,24230
23165,2804
23166,23755
23166,304
23167,24231
23167,24232
23167,24233
23168,24234
23169,24235
23170,5280
23171,24236
23172,24237
23173,24238
23173,24239
23174,976
23174,4653
23175,5545
23175,541
23176,24240
23176,24241
23177,24242
23177,24243
23178,24244
23179,24245
23180,24246
23180,24247
23180,24248
23181,12270
23182,24249
23183,24250
23183,24251
23183,24252
23184,24253
23185,24254
23185,15691
23185,20942
23185,5692
23186,24255
23187,24256
23187,24257
23188,10294
23189,3257
23190,24258
23191,6677
23192,24259
23192,24260
23193,24261
23194,24262
23195,454
23195,455
23196,17959
23196,24263
23197,24264
23197,1502
23198,3907
23199,24265
23200,24266
23201,24267
23202,24268
23202,24269
23202,24270
23203,24271
23203,3868
23204,24272
23205,3078
23206,21146
23206,4296
23206,24273
23206,728
23206,20800
23207,24274
23208,23370
23208,8158
23209,24275
23210,9248
23211,3702
23211,24276
23212,24277
23212,24278
23213,11791
23214,24279
23215,6700
23215,21352
23216,24280
23217,24281
23218,24282
23219,24283
23219,24284
23219,24285
23220,24286
23221,6561
23221,6562
23222,6004
23222,4540
23222,7734
23222,24287
23222,24288
23222,24289
23223,24290
23223,24291
23224,4067
23226,3502
23226,3503
23227,24292
23227,24293
23228,24294
23229,24295
23229,24296
23229,24297
23230,11324
23232,10171
23232,10173
23233,24298
23234,989
23234,9548
23235,24299
23235,24300
23236,14695
23237,9744
23238,24301
23238,13668
23238,24302
23239,10776
23240,9520
23240,6426
23241,5685
23241,5684
23241,24303
23242,24304
23242,14770
23242,24305
23243,7481
23243,130
23244,24306
23244,24307
23245,24308
23245,24309
23245,24310
23246,24311
23246,24312
23247,8895
23248,24313
23249,24314
23250,1442
23250,626
23250,19742
23250,24315
23251,24316
23251,24317
23252,24318
23253,24319
23254,24320
23255,24321
23255,24322
23255,24323
23255,24324
23256,24325
23256,24326
23257,24327
23257,24328
23258,4131
23258,4726
23259,24329
23260,24330
23260,24331
23261,10398
23261,24332
23262,24333
23263,16348
23264,24334
23265,24335
23266,24336
23267,24337
23267,24338
23268,24339
23268,24340
23268,24341
23269,24342
23270,10910
23270,10575
23270,24343
23271,24344
23271,19500
23272,11569
23272,7648
23273,2899
23273,8158
23274,24345
23275,7283
23276,24346
23277,14978
23278,10209
23279,7608
23279,24347
23279,13016
23279,24348
23279,24349
23279,13735
23280,24350
23281,2251
23282,24351
23283,992
23283,4540
23283,1740
23283,24352
23284,24353
23284,12727
23284,5646
23285,24354
23286,24355
23288,24356
23289,14663
23289,9363
23290,24357
23292,24358
23292,24359
23292,1359
23293,4142
23294,24360
23295,24361
23295,24362
23295,24363
23295,24364
23295,2485
23296,10675
23297,24365
23297,24366
23298,21126
23299,24367
23300,24368
23301,24369
23302,24370
23302,5582
23302,24371
23303,24372
23304,24373
23304,9851
23304,24374
23305,12960
23306,24375
23307,14771
23308,24376
23309,24377
23309,24378
23309,24379
23310,24380
23310,24381
23310,24382
23310,24383
23311,24384
23311,24385
23311,24386
23312,24387
23312,24388
23312,2977
23313,24389
23313,21183
23313,24390
23313,24391
23313,22130
23313,5041
23313,24392
23313,9917
23313,11900
23313,4247
23314,24393
23314,9787
23314,24394
23315,24395
23316,24396
23316,24397
23317,24398
23318,24399
23319,2695
23320,23375
23320,23376
23321,24400
23321,24401
23322,7911
23322,24402
23322,24403
23323,16702
23323,777
23324,24404
23324,24405
23325,24406
23326,24407
23326,24408
23327,24409
23328,24410
23328,24411
23329,13162
23329,24412
23329,24413
23329,13321
23329,24414
23330,24415
23331,24416
23331,24417
23331,1977
23331,24418
23332,24419
23332,24420
23333,10638
23333,23915
23334,15922
23334,24421
23335,24422
23336,24423
23337,21646
23337,24424
23338,24425
23338,24426
23339,24427
23340,1840
23341,24428
23342,24429
23342,24430
23342,13742
23342,24431
23342,24432
23342,24433
23342,24434
23342,24435
23342,24436
23342,24437
23342,24438
23342,17231
23342,24439
23342,24440
23342,24441
23342,24442
23342,24443
23343,24444
23344,24445
23345,24446
23345,24447
23345,24448
23346,24449
23346,24450
23347,24451
23348,24452
23348,24453
23349,24454
23350,24455
23350,24456
23352,24457
23352,24458
23353,24459
23353,24460
23354,24461
23354,7296
23355,24462
23355,24463
23355,24464
23355,10890
23356,24465
23356,24466
23357,24467
23357,24468
23357,24469
23358,24470
23359,24471
23360,24472
23362,24473
23362,24474
23362,24475
23362,24476
23363,24477
23364,17815
23365,24478
23366,2297
23367,24479
23368,24480
23368,6952
23368,3036
23369,24481
23371,24482
23371,24483
23372,24484
23372,7520
23373,24485
23374,16553
23374,6514
23374,24486
23374,15644
23375,2379
23375,2380
23375,4221
23375,4222
23376,12458
23376,12459
23377,24487
23377,24488
23378,24489
23379,24490
23379,24491
23379,23775
23379,24492
23380,24493
23380,24494
23380,24495
23380,4138
23381,24496
23382,21347
23382,24497
23383,24498
23383,24499
23383,24500
23384,1698
23385,24501
23386,14030
23387,24502
23388,2284
23389,6947
23391,24503
23391,24504
23392,5068
23392,24505
23392,566
23392,2757
23392,24506
23392,24507
23394,24508
23395,24509
23395,24510
23395,24511
23396,24512
23397,24513
23398,24514
23399,24515
23399,24516
23400,24517
23400,24518
23401,677
23402,24519
23402,17516
23403,5053
23403,5054
23404,24520
23404,6054
23405,24521
23405,24522
23405,24523
23406,24524
23407,8207
23408,24525
23409,2279
23409,24526
23410,24527
23410,14913
23411,23662
23411,23604
23412,24528
23412,24529
23413,24530
23413,1299
23413,24531
23413,556
23413,6436
23414,23419
23414,20797
23414,20798
23414,21805
23415,24532
23415,24533
23416,24534
23417,24535
23418,4468
23419,21439
23419,263
23419,24536
23420,24537
23420,24538
23421,24539
23422,24540
23423,24541
23424,24542
23424,24543
23425,24544
23426,24545
23427,24546
23427,24547
23428,21634
23429,24548
23429,24549
23430,24550
23430,24551
23431,24552
23432,24553
23433,24554
23434,24555
23435,386
23436,24556
23436,24557
23437,24558
23438,24559
23439,20685
23440,11665
23440,24560
23440,24561
23440,24562
23440,24563
23441,24564
23442,8
23442,4012
23442,24565
23442,24566
23443,947
23443,24567
23443,24568
23443,311
23443,312
23444,7141
23444,23014
23445,24569
23446,24570
23447,1259
23447,24571
23448,13505
23448,24572
23449,12814
23450,471
23451,24573
23452,24574
23452,24575
23453,24576
23454,24577
23454,1334
23454,24578
23455,6224
23455,24579
23455,24580
23455,24581
23456,6250
23456,24582
23456,6251
23457,4246
23458,24583
23458,24584
23459,24585
23460,24586
23461,24587
23462,24588
23463,24589
23463,24590
23464,24591
23465,24543
23465,13704
23466,269
23466,24592
23467,24593
23468,24594
23469,24595
23469,24596
23470,24597
23471,335
23471,429
23471,430
23471,24598
23472,2787
23472,24599
23473,21478
23473,7721
23473,451
23473,24600
23474,24601
23475,24602
23475,24603
23476,24604
23476,24605
23476,14159
23476,24606
23477,24607
23477,24608
23477,24609
23477,24610
23477,24611
23477,24612
23478,16503
23478,16504
23479,24613
23479,24614
23479,24615
23479,24616
23480,11511
23480,24617
23480,24618
23480,24619
23480,3242
23482,24620
23483,59
23483,20586
23484,24621
23485,24622
23485,6452
23486,16304
23487,2483
23487,4928
23488,24623
23488,21486
23489,24624
23489,24625
23489,24626
23490,24627
23491,24628
23491,1588
23491,24629
23491,24630
23492,8925
23493,24631
23493,7847
23494,24632
23494,24633
23495,24634
23496,24635
23496,24636
23497,24637
23497,4676
23497,24638
23498,1483
23499,24639
23499,24640
23499,9700
23500,24641
23501,19771
23501,24642
23502,24643
23502,24644
23503,24645
23503,24646
23505,24647
23505,24648
23505,24649
23505,24650
23505,12676
23506,24651
23507,967
23507,24652
23507,24653
23507,24654
23508,8049
23509,4473
23509,1401
23509,8875
23509,24655
23509,24656
23509,24657
23510,24658
23510,1379
23511,2594
23512,24659
23512,24660
23513,24661
23514,24662
23514,4759
23514,4763
23514,24663
23515,24664
23515,24665
23516,24666
23516,24667
23517,24668
23517,1110
23517,24669
23518,1969
23518,15395
23518,24670
23519,24671
23520,24672
23521,24673
23522,3550
23522,3553
23522,4049
23524,24674
23525,24675
23526,14320
23526,4639
23526,24676
23528,24677
23529,24678
23529,24679
23530,24680
23531,4025
23532,10398
23532,3562
23532,24681
23533,24682
23533,24683
23533,24684
23534,2610
23534,24685
23534,24686
23535,24687
23536,20715
23536,20716
23537,5413
23538,24688
23539,24689
23539,11573
23540,24690
23541,24691
23542,13612
23542,24692
23543,24693
23543,24694
23544,24695
23545,15181
23545,2609
23545,24696
23546,24697
23547,24698
23547,24699
23547,24700
23548,6431
23549,24701
23549,24702
23550,24703
23551,5287
23551,24704
23551,24705
23552,2710
23552,5147
23553,24706
23554,14983
23555,24707
23556,18467
23557,24708
23557,24709
23557,24710
23557,24711
23558,24712
23559,24713
23560,24714
23562,24715
23562,24716
23563,24717
23563,24718
23563,24719
23564,24720
23565,24721
23566,24722
23566,24723
23566,17664
23567,4315
23567,9207
23567,7378
23568,5240
23568,5241
23569,24724
23569,24725
23569,24726
23570,24727
23571,2033
23572,24728
23572,24729
23572,24730
23573,4017
23574,24731
23575,24732
23575,24733
23576,13811
23576,24734
23577,18705
23577,24735
23577,24606
23578,10975
23579,24736
23579,24737
23580,24738
23580,24739
23580,11455
23581,24740
23581,24741
23582,24742
23582,24743
23582,24744
23583,24745
23584,2318
23584,1728
23584,24746
23585,24747
23586,24748
23586,24749
23587,24750
23588,24751
23588,24752
23588,24753
23589,4079
23589,13788
23590,22615
23590,4397
23590,4398
23590,4399
23591,7546
23592,1497
23594,24754
23595,13833
23595,24755
23596,24756
23597,11712
23597,24757
23597,24758
23598,24759
23598,24760
23598,24761
23599,24762
23599,24763
23600,24764
23600,5984
23601,24765
23602,24766
23603,21392
23603,10840
23604,5863
23605,2408
23606,24767
23607,3520
23608,24768
23609,24769
23610,24770
23612,24771
23613,24772
23613,24773
23614,24774
23615,5068
23615,24775
23615,24776
23616,24777
23617,24778
23618,24779
23619,10611
23620,24780
23620,15543
23621,24781
23622,11849
23623,21084
23624,24782
23624,24783
23625,24784
23625,24785
23626,24786
23626,24787
23626,13141
23626,24788
23627,24789
23628,10689
23628,4947
23628,24790
23629,24791
23630,5179
23631,24792
23632,24793
23633,24794
23633,16043
23634,24795
23636,24796
23636,24797
23637,24798
23637,24799
23638,24800
23639,24801
23639,24802
23639,24803
23640,4058
23640,4057
23641,24804
23641,24805
23642,24806
23643,24807
23644,21106
23645,21673
23645,24808
23646,24809
23647,24810
23647,24811
23647,24812
23647,24813
23648,24814
23650,9907
23650,9908
23650,24815
23651,24816
23652,24817
23652,24818
23653,24819
23654,24820
23655,10368
23656,8774
23656,24821
23656,24822
23657,24823
23657,24824
23658,24825
23658,24826
23658,24827
23659,8063
23659,8062
23661,24828
23661,10559
23662,24829
23662,24830
23663,7331
23663,24831
23664,24832
23664,24833
23664,24834
23664,24835
23664,8197
23664,8198
23665,24836
23666,24837
23666,24838
23666,24839
23667,24840
23668,24841
23669,4216
23670,24842
23671,24843
23671,24844
23671,24845
23672,24846
23673,24847
23673,24848
23673,6185
23674,13099
23674,24849
23674,23912
23674,24850
23674,24851
23675,3085
23676,6538
23676,24852
23677,6663
23678,24853
23679,8866
23679,8867
23679,24854
23679,24855
23679,24856
23679,24857
23679,4726
23679,24858
23680,24859
23681,24860
23681,24861
23681,21120
23682,2218
23683,10044
23683,24862
23684,18115
23685,24863
23685,24864
23685,24865
23685,24866
23685,24867
23686,4364
23686,12979
23687,24868
23687,24869
23687,24870
23687,24871
23687,24872
23687,24873
23687,24874
23688,24875
23688,24876
23688,24877
23689,24878
23689,5068
23690,11561
23690,24879
23691,24880
23691,24881
23692,3876
23692,100
23693,24882
23694,24883
23694,24884
23695,24885
23696,24886
23696,24887
23696,24888
23697,24889
23698,24890
23699,4894
23699,3555
23701,24891
23702,24892
23703,24893
23704,24894
23705,20942
23705,20941
23706,2930
23707,2052
23707,23691
23707,24895
23707,3683
23708,24896
23708,17873
23709,24897
23709,24898
23711,1698
23712,24899
23712,24900
23713,24901
23714,24902
23714,24903
23715,1823
23715,5086
23716,24904
23716,24905
23716,4304
23716,24906
23717,24907
23718,3615
23718,24908
23719,11550
23720,24909
23720,24910
23721,10891
23721,24911
23722,24912
23723,24913
23724,24914
23724,24915
23725,20797
23725,20798
23726,24916
23727,24917
23728,24918
23729,24919
23729,16498
23729,8041
23730,24920
23730,24921
23731,24922
23732,9701
23733,24923
23733,24924
23734,24925
23735,4325
23736,24926
23736,18871
23737,9551
23738,24927
23738,24928
23739,16835
23740,182
23741,5773
23741,5772
23741,10003
23742,2485
23743,24929
23744,24930
23744,24931
23745,1169
23745,1170
23746,24932
23746,24933
23747,24934
23747,599
23748,24935
23748,24936
23749,24937
23750,1159
23750,24938
23751,24939
23752,24940
23753,24941
23754,24942
23754,24943
23755,24944
23756,21353
23756,24945
23757,856
23757,728
23757,20800
23759,4853
23760,24946
23760,24947
23761,24948
23762,24949
23763,24950
23763,24951
23764,24952
23764,24953
23765,24954
23766,24955
23767,24956
23767,24957
23768,2204
23768,24958
23769,24959
23770,23675
23770,20692
23771,24960
23771,24961
23772,24962
23772,24963
23772,3270
23773,24964
23774,24965
23774,6301
23775,21208
23776,24966
23776,24967
23777,24968
23777,24969
23778,24970
23779,24971
23779,24972
23780,24973
23781,24974
23781,24975
23781,5854
23782,24976
23783,24977
23784,24978
23785,12189
23785,9968
23785,12623
23786,24979
23786,24980
23786,6443
23787,20576
23788,24981
23789,24982
23789,24983
23790,6110
23790,9017
23791,24984
23791,24985
23791,17391
23792,24986
23792,21221
23793,24987
23794,24988
23794,24989
23795,24990
23797,7397
23797,24991
23798,24992
23798,21109
23798,24993
23799,3048
23799,1979
23799,1980
23800,24994
23801,9907
23801,9908
23801,24995
23802,24996
23802,24997
23802,24998
23802,24999
23803,25000
23804,25001
23804,25002
23805,25003
23805,16930
23806,1355
23807,96
23807,25004
23807,25005
23807,25006
23808,25007
23809,25008
23809,25009
23809,25010
23810,25011
23811,21312
23811,12338
23812,25012
23812,25013
23812,25014
23813,9280
23814,9085
23815,25015
23815,25016
23816,25017
23816,10386
23816,25018
23817,25019
23818,25020
23818,25021
23819,8197
23819,8198
23819,10611
23819,25022
23819,25023
23819,25024
23819,25025
23819,10612
23819,21348
23819,21349
23820,25026
23821,25027
23822,5026
23823,25028
23823,15926
23823,8473
23823,2203
23824,25029
23825,2454
23826,3033
23826,10552
23827,13356
23827,25030
23827,6577
23828,6879
23828,25031
23828,25032
23829,25033
23829,25034
23830,25035
23831,20717
23831,2811
23831,10701
23831,4736
23831,13308
23832,17389
23832,17755
23832,15623
23833,11720
23833,11719
23833,11722
23833,25036
23834,15641
23834,23584
23834,15642
23835,25037
23838,11052
23838,25038
23838,1456
23839,19822
23839,25039
23839,13186
23840,203
23840,8654
23840,2337
23841,25040
23841,5382
23842,6488
23843,2689
23844,25041
23845,25042
23845,9807
23846,1780
23846,4007
23847,23628
23847,25043
23847,8947
23847,8944
23848,4530
23849,7972
23849,3691
23849,25044
23850,25045
23850,575
23850,1510
23851,18705
23851,25046
23851,25047
23852,25048
23853,25049
23853,25050
23853,4212
23853,5041
23853,10760
23853,25051
23853,6615
23853,25052
23853,25053
23853,573
23853,25054
23853,1215
23853,25055
23853,25056
23853,24680
23853,25057
23854,25058
23855,25059
23855,22002
23856,25060
23856,4083
23856,25061
23857,2512
23857,25062
23858,23793
23858,25063
23859,25064
23859,25065
23860,5488
23860,25066
23860,25067
23861,9906
23863,25068
23863,25069
23863,25070
23864,14619
23864,6191
23864,25071
23865,25072
23866,4560
23867,25073
23867,25074
23868,24377
23868,15705
23868,25075
23868,25076
23869,25077
23869,5902
23869,10897
23871,25078
23872,25079
23872,8110
23873,25080
23873,25081
23873,25082
23874,25083
23875,7528
23875,21781
23875,25084
23876,25085
23877,5280
23879,339
23880,25086
23881,25087
23881,20942
23881,25088
23882,549
23882,550
23882,22803
23883,25089
23884,23526
23884,4484
23885,25090
23886,25091
23887,10448
23887,25092
23889,15836
23890,25093
23890,25094
23891,25095
23892,25096
23892,25097
23893,25098
23893,25099
23894,25100
23894,25101
23895,2509
23895,7816
23896,25102
23896,1439
23897,25103
23897,13057
23898,25104
23899,25105
23899,25106
23899,9640
23900,25107
23900,25108
23900,25109
23900,25110
23901,25111
23902,3777
23903,2519
23904,25112
23904,18895
23905,2395
23905,2396
23906,13194
23907,25113
23907,25114
23909,25115
23910,1519
23910,25116
23911,25117
23911,25118
23912,25119
23912,25120
23912,25121
23913,7345
23913,25122
23913,5565
23914,5769
23914,25123
23914,25124
23914,25125
23915,25126
23916,21699
23917,5832
23917,5833
23917,25127
23917,25128
23918,25129
23918,25130
23918,25131
23919,23952
23920,25132
23920,25133
23920,12052
23921,965
23922,25134
23923,10615
23924,25135
23924,11998
23925,25136
23926,25137
23926,25138
23927,25139
23928,25140
23928,25141
23928,5615
23929,25142
23929,25143
23929,25144
23930,25145
23931,25146
23932,25147
23933,25148
23934,25149
23935,2950
23935,20974
23936,25150
23936,12116
23936,12117
23937,25151
23938,6074
23938,6075
23939,25152
23939,25153
23941,25154
23942,8231
23942,25155
23943,447
23944,25156
23944,25157
23945,25158
23945,25159
23946,25160
23947,25161
23947,25162
23948,21078
23948,21079
23948,21080
23948,21081
23949,25163
23950,25164
23950,2500
23950,2502
23951,25165
23951,25166
23951,259
23952,25167
23952,25168
23952,25169
23953,25170
23954,25171
23955,25172
23955,25173
23956,25174
23957,25175
23957,25176
23958,25177
23958,25178
23958,25179
23958,25180
23959,25181
23959,1836
23960,25182
23961,25183
23962,25184
23963,25185
23963,25186
23963,3249
23964,6998
23964,7401
23964,1781
23965,25187
23966,15
23966,25188
23966,25189
23966,13016
23967,25190
23967,6312
23967,25191
23968,25192
23968,25193
23968,10121
23969,25194
23969,2800
23970,12865
23970,25195
23971,25196
23971,25197
23972,4711
23973,25198
23973,21860
23973,1490
23974,16347
23975,23411
23975,25199
23975,25200
23976,9947
23976,9948
23977,25201
23977,25202
23977,25203
23978,25204
23979,25205
23980,15620
23980,25206
23980,25207
23980,25208
23980,5413
23980,25209
23981,25210
23981,25211
23981,19363
23981,25212
23982,25213
23983,25214
23983,25215
23984,25216
23984,25217
23985,25218
23985,25219
23986,17108
23987,25220
23988,25221
23989,25222
23990,25223
23990,25224
23991,25225
23991,25226
23992,25227
23993,25228
23993,25229
23993,13466
23994,25230
23994,25231
23995,25232
23996,25233
23996,8814
23997,25234
23998,8251
23999,25235
23999,6979
23999,25236
23999,25237
24000,9348
24001,6994
24001,6752
24002,6890
24003,25238
24003,9708
24003,25239
24004,25240
24004,25241
24004,16860
24005,15010
24006,25242
24006,25243
24007,6257
24008,25244
24008,25245
24009,24038
24009,25246
24010,25247
24010,25248
24011,25249
24011,25250
24011,25251
24012,25252
24013,25253
24014,2880
24014,25254
24015,25255
24016,25256
24016,25257
24017,25258
24017,25259
24018,25260
24018,13088
24019,25261
24021,24202
24022,25262
24023,25263
24024,25264
24025,1302
24025,1415
24025,25265
24026,25266
24027,1808
24027,25267
24028,25268
24029,2108
24029,25269
24030,25270
24030,25271
24031,25272
24031,4049
24032,3020
24032,25273
24032,24075
24032,25274
24032,25275
24032,11849
24032,25276
24032,47
24032,25277
24032,5672
24032,25278
24032,13685
24033,18705
24033,25279
24033,25280
24033,25281
24034,25282
24035,25283
24035,2549
24035,3129
24035,10953
24035,2396
24036,25284
24036,25285
24037,25286
24037,6528
24037,25287
24039,3455
24039,3525
24040,25288
24040,25289
24041,2555
24041,2005
24042,25290
24043,4964
24044,10333
24044,25291
24045,7509
24046,25292
24047,4285
24048,25293
24048,157
24049,6519
24050,25294
24051,25295
24051,25296
24051,25297
24052,25298
24052,20586
24053,4710
24053,7231
24053,25299
24053,25300
24054,5160
24055,25301
24055,8596
24056,25302
24056,25303
24057,25304
24058,4635
24058,4540
24059,25305
24060,25306
24060,25307
24061,23949
24062,25308
24062,25309
24062,20009
24063,25310
24063,25311
24063,25312
24064,21582
24065,25313
24066,25314
24066,25315
24066,25316
24067,6671
24068,16015
24069,6158
24070,25317
24070,25318
24070,25319
24071,25320
24071,25321
24071,25322
24071,25323
24071,25324
24071,12341
24071,25325
24071,25326
24072,19944
24073,25327
24073,25328
24074,23336
24075,25329
24075,25330
24076,6752
24077,25331
24078,25332
24078,25333
24078,25334
24079,25335
24079,25336
24080,25337
24081,21468
24081,25338
24081,4425
24082,25339
24083,23370
24084,25340
24086,25341
24087,25342
24087,25343
24088,25344
24089,6604
24090,25345
24091,25346
24092,25347
24093,25348
24094,25349
24094,7239
24095,17888
24095,25350
24096,25351
24097,25352
24098,25353
24101,25354
24101,25355
24101,8780
24101,10580
24102,25356
24102,14695
24102,25357
24103,25358
24104,25359
24105,25360
24105,2083
24105,23534
24105,25361
24105,25362
24106,25363
24107,25364
24108,9491
24109,6498
24109,12341
24109,9552
24109,25365
24110,14056
24110,14057
24111,25366
24112,25367
24112,25368
24113,25369
24114,25370
24115,25371
24115,21234
24116,18009
24117,25372
24118,1742
24118,25373
24119,25374
24120,4942
24120,25375
24121,25376
24121,25377
24122,24821
24123,9375
24124,25378
24125,25379
24126,9095
24127,25380
24128,25381
24129,4207
24130,25382
24131,25383
24131,25384
24132,6339
24132,25385
24132,25386
24133,25387
24133,25388
24134,25389
24135,21860
24135,21861
24136,25390
24136,25391
24136,25392
24137,15493
24138,24093
24138,569
24138,568
24139,3369
24139,25393
24140,9548
24141,25394
24142,25395
24142,25396
24142,25397
24143,25398
24143,25399
24144,25400
24145,25401
24146,11223
24146,5065
24147,25402
24148,9
24149,25403
24149,25404
24149,25405
24150,25406
24150,25407
24151,25408
24151,25409
24152,7696
24153,25410
24154,25411
24155,25412
24156,25413
24157,15681
24158,25414
24158,16791
24159,25415
24160,25416
24160,9865
24160,25417
24161,25418
24161,25419
24161,25420
24162,25421
24163,25422
24164,25423
24164,25424
24164,25425
24164,25426
24164,25427
24164,25428
24164,25429
24164,25430
24164,25431
24164,25432
24164,25433
24164,25434
24164,25435
24164,25436
24164,25437
24164,25438
24164,25439
24164,25440
24164,25441
24164,25442
24164,25443
24164,25444
24164,25445
24164,25446
24165,25447
24165,5360
24166,20806
24166,25448
24167,6577
24168,1227
24169,25449
24169,25450
24170,25451
24171,25452
24171,25453
24172,25454
24172,9807
24172,25455
24173,25456
24173,8038
24174,25454
24175,25457
24176,25458
24177,25459
24178,25460
24179,25461
24180,1458
24181,3601
24181,25462
24181,1854
24182,25463
24183,4426
24184,25464
24184,25465
24185,25466
24185,25467
24185,25468
24185,25469
24185,25470
24186,8946
24187,7390
24188,25471
24189,25472
24190,25473
24191,25474
24192,25475
24193,25476
24193,25477
24193,25478
24194,25479
24195,25480
24196,25481
24196,25482
24197,25483
24197,25484
24197,25485
24198,25486
24199,25487
24199,25488
24199,25489
24199,25490
24199,25491
24200,25492
24201,5226
24202,25493
24202,25494
24203,25495
24203,25496
24204,25497
24205,25498
24206,25499
24207,25500
24207,25501
24207,25502
24208,20471
24208,25503
24209,20709
24209,16232
24210,25504
24211,25505
24211,25506
24211,22585
24212,25507
24212,25508
24212,25509
24213,25510
24213,25511
24214,25512
24215,25513
24216,25514
24216,11389
24216,25515
24217,10142
24217,25516
24218,25517
24218,25518
24218,9387
24219,7212
24220,2695
24221,25519
24221,10869
24222,18705
24222,7046
24223,25520
24223,25521
24223,25522
24223,25523
24224,25524
24224,25525
24225,2847
24225,25526
24226,25527
24226,25528
24227,25529
24227,25530
24227,25531
24228,25532
24229,25533
24230,25534
24231,25535
24231,25536
24232,25537
24232,2139
24232,25538
24233,6796
24233,5607
24233,25539
24234,25540
24234,25541
24235,25542
24236,17422
24237,25543
24237,25544
24237,25545
24238,10820
24239,25546
24239,20890
24239,25547
24240,25548
24241,25549
24241,25550
24242,25551
24243,25552
24244,2724
24244,25553
24245,12399
24246,25554
24247,2583
24248,25555
24249,25556
24249,25557
24250,25558
24251,16931
24252,25559
24252,25560
24253,23812
24254,25561
24254,25562
24255,25563
24256,25564
24257,25565
24257,8560
24257,25566
24257,25567
24258,25092
24259,25568
24260,6014
24260,7569
24261,25569
24262,25570
24262,3224
24263,25571
24263,25572
24264,25573
24264,25574
24264,25575
24264,25576
24265,25577
24265,25578
24266,2326
24267,24107
24267,14232
24268,25579
24268,19801
24268,25580
24269,25581
24270,25582
24270,25583
24271,25584
24272,21927
24272,25585
24272,2562
24272,13415
24272,25586
24272,21206
24272,25587
24272,25588
24272,25589
24272,25590
24273,7609
24273,25591
24274,25592
24275,6030
24275,14588
24275,25593
24276,25594
24276,25595
24277,25596
24278,25597
24278,25598
24279,13051
24280,25599
24280,25600
24280,25601
24281,25602
24282,20396
24282,25603
24283,11315
24283,25604
24285,17221
24285,4999
24285,25605
24286,25606
24286,25607
24287,25608
24287,25609
24288,25610
24289,25611
24290,24517
24290,8512
24291,25612
24292,1973
24293,25613
24294,25614
24295,25615
24296,18011
24296,25616
24297,14729
24297,1402
24298,25617
24299,25618
24300,18520
24300,25619
24301,8478
24302,25620
24302,25621
24303,25622
24304,5029
24304,25623
24304,3806
24304,22320
24304,7283
24305,24424
24305,16917
24305,11585
24305,25624
24306,25625
24307,25626
24307,25627
24308,25628
24308,25629
24309,3873
24309,14729
24310,25630
24311,25631
24312,25632
24312,25633
24313,25634
24314,25635
24314,25636
24314,25637
24315,25638
24315,25639
24316,13016
24316,15697
24317,25640
24317,25641
24317,25642
24317,25643
24318,7315
24319,9068
24319,9807
24320,25644
24320,25645
24320,25646
24322,25647
24322,25648
24323,25649
24324,3777
24325,25650
24325,25651
24326,25652
24327,18869
24327,25653
24327,4534
24327,10502
24327,15607
24328,15293
24328,25654
24328,25655
24329,1083
24329,25656
24329,25657
24330,25658
24330,25659
24330,4639
24330,7057
24331,25660
24331,25661
24332,25662
24332,21595
24333,25663
24333,10206
24334,24705
24335,3631
24335,25664
24336,10429
24336,25665
24336,11784
24337,9515
24338,25666
24339,25667
24340,25668
24342,8322
24343,25669
24344,25670
24345,25671
24345,25672
24346,25673
24347,25674
24348,25675
24349,25676
24350,25677
24350,25678
24351,25679
24352,25680
24353,25681
24354,25682
24354,25683
24355,4730
24355,25684
24357,25685
24358,25686
24359,25687
24360,17421
24361,25688
24362,25689
24363,5373
24363,25690
24363,25691
24364,25692
24364,1910
24364,2194
24365,25693
24365,1984
24366,4838
24366,4854
24366,4855
24367,25694
24367,7823
24367,25695
24367,25696
24368,6110
24368,663
24369,1892
24371,2289
24371,25697
24372,25698
24373,24489
24373,9041
24374,4003
24375,25699
24375,25700
24376,8576
24376,25701
24377,3914
24378,25702
24378,25703
24378,25704
24378,25705
24379,25109
24379,25706
24380,24976
24381,25707
24381,25708
24381,25709
24382,2456
24383,25710
24383,25711
24384,25712
24384,25713
24384,25714
24385,13779
24387,25715
24387,25716
24388,25717
24389,25718
24390,3851
24391,25719
24392,12132
24393,25720
24393,25721
24394,25722
24394,25723
24394,25724
24394,25725
24395,12152
24395,25726
24395,25727
24395,25728
24396,25729
24397,13826
24397,25730
24397,9063
24398,25731
24398,25732
24399,5269
24399,5270
24400,25733
24400,25734
24401,25735
24404,4216
24404,25036
24405,25736
24406,25737
24406,3369
24406,25738
24407,25739
24408,25740
24409,25741
24409,25742
24409,25743
24410,25744
24410,25745
24410,25746
24411,25747
24412,4022
24413,25748
24414,25749
24415,25750
24416,25751
24416,14030
24417,25752
24418,25753
24418,25754
24418,25755
24419,25756
24420,25757
24420,25758
24420,24822
24421,25759
24422,25760
24422,11696
24422,11697
24423,13276
24424,25761
24424,25762
24424,25763
24425,25764
24425,25765
24425,25766
24425,8363
24426,25767
24426,23752
24427,3693
24428,25768
24428,25769
24429,25770
24430,25771
24430,25772
24431,25773
24431,13486
24431,14144
24432,25774
24434,16118
24434,25775
24434,25776
24434,16119
24435,25777
24436,25778
24437,25779
24437,9743
24437,25780
24438,1839
24438,8583
24439,25781
24439,25782
24439,25783
24440,25784
24440,25785
24441,9101
24442,25786
24443,3615
24443,24908
24444,25787
24444,20263
24445,25788
24446,5283
24447,25789
24447,25790
24448,25791
24449,4094
24450,1594
24451,25792
24452,25793
24453,25794
24454,25795
24454,25796
24455,12953
24455,25797
24456,11512
24457,25798
24457,25799
24457,25800
24458,1372
24458,1371
24460,25801
24461,25802
24462,25803
24462,25804
24463,25805
24464,11867
24465,25806
24465,25807
24466,25808
24467,25809
24467,25810
24467,25811
24467,25812
24468,25813
24469,25814
24469,16487
24469,25815
24470,25816
24470,7569
24471,13444
24471,13445
24472,25817
24472,18132
24473,25818
24474,3094
24475,3241
24476,25819
24477,25820
24477,25821
24477,25822
24478,25823
24478,25824
24479,25825
24480,25826
24480,25827
24480,25828
24481,1173
24481,25829
24482,25830
24483,25831
24483,13736
24484,25185
24484,11594
24485,25832
24486,25833
24486,12623
24486,4620
24486,25834
24486,25835
24487,25836
24487,25837
24487,25838
24488,25839
24489,25840
24489,25841
24489,25842
24489,25843
24490,25844
24490,25845
24491,25846
24492,25847
24493,25848
24494,25849
24495,4327
24495,25850
24495,25851
24496,12525
24496,25852
24497,13271
24498,25853
24499,25854
24499,25855
24499,24519
24500,4990
24501,25856
24502,1191
24502,25857
24503,11569
24504,25858
24506,25859
24507,25860
24507,1127
24507,1785
24508,25861
24509,23246
24510,25862
24510,25863
24511,25141
24511,25864
24512,25865
24512,25866
24513,4670
24513,2235
24513,21556
24513,25867
24514,12146
24514,25868
24515,25869
24515,25870
24515,25871
24515,6528
24515,25872
24515,25873
24515,25874
24516,7770
24517,25875
24517,5142
24517,25304
24518,11553
24518,7450
24518,7198
24518,25876
24519,25877
24519,25878
24520,25879
24520,25880
24521,25881
24521,25882
24522,12720
24523,708
24523,25883
24524,1042
24525,8617
24526,5091
24527,14722
24527,25884
24527,25885
24527,25886
24527,4120
24527,2536
24528,13466
24528,25887
24528,25888
24529,2046
24529,25889
24530,9297
24531,9560
24532,25890
24533,25891
24533,25892
24533,3369
24534,7522
24534,25893
24535,23468
24535,25894
24536,6456
24536,25895
24537,25896
24537,847
24537,848
24538,25897
24539,25898
24540,9648
24540,25899
24541,8844
24541,14918
24542,25900
24543,25901
24544,25902
24545,8897
24546,25903
24546,25904
24547,25779
24547,3482
24549,25905
24550,25906
24551,25907
24551,13094
24552,25908
24552,25909
24552,2416
24553,25910
24553,25911
24553,25912
24554,25913
24555,25914
24556,25915
24557,25916
24558,25917
24558,25918
24559,7666
24560,7721
24560,451
24561,25919
24561,25920
24562,2235
24563,25921
24564,25922
24564,8456
24564,23802
24565,12031
24565,7569
24566,25923
24567,9022
24568,25924
24568,25925
24569,4566
24569,25926
24569,17918
24569,12623
24570,25927
24571,16189
24572,25928
24572,25929
24572,25930
24573,25931
24574,25932
24574,25933
24575,12233
24575,12235
24576,25934
24576,25935
24576,25936
24577,25937
24578,25938
24579,25939
24579,9722
24580,25940
24580,25941
24581,25942
24581,25943
24582,25944
24582,25945
24582,25946
24583,21811
24584,2616
24584,9666
24584,13780
24585,5512
24585,954
24585,6635
24585,4247
24585,25947
24586,25948
24587,14676
24587,25949
24587,3469
24587,25309
24587,25950
24588,12069
24589,25951
24589,25952
24590,25953
24591,25954
24591,14379
24592,8413
24593,25955
24593,25956
24594,25957
24595,6390
24595,25958
24595,25959
24596,5407
24597,9890
24598,2870
24598,2871
24599,25960
24599,25961
24599,25962
24600,25963
24601,25964
24601,25965
24601,25966
24601,25967
24602,5068
24602,3432
24603,25968
24603,25969
24603,25970
24603,25971
24604,25972
24605,25973
24605,25974
24606,25975
24606,25976
24606,22963
24607,11830
24608,25977
24608,11573
24609,25978
24610,25979
24610,25980
24610,25981
24610,10384
24610,9881
24610,10385
24612,25982
24613,25983
24614,25984
24615,25258
24616,25985
24617,25986
24618,10291
24618,25987
24620,25988
24620,25989
24620,25990
24620,25991
24620,25992
24621,25993
24622,25994
24622,25995
24623,25996
24624,18404
24624,25997
24625,25998
24626,8248
24626,3789
24627,25999
24627,26000
24628,26001
24629,1776
24630,26002
24631,26003
24631,25720
24632,4886
24633,23870
24633,23871
24633,22130
24633,26004
24634,26005
24635,26006
24636,13593
24636,13594
24636,26007
24637,26008
24638,26009
24639,26010
24640,25273
24640,26011
24641,26012
24642,26013
24643,4651
24644,26014
24644,26015
24645,26016
24646,15873
24647,26017
24647,26018
24647,26019
24647,26020
24648,26021
24649,3139
24649,4540
24649,11024
24650,26022
24651,4698
24652,2147
24653,26023
24653,26024
24653,26025
24654,26026
24654,14784
24655,26027
24656,26028
24656,26029
24656,26030
24657,26031
24658,11013
24658,26032
24658,11015
24659,26033
24660,883
24660,26034
24661,794
24661,3369
24662,26035
24663,26036
24664,1117
24664,26037
24664,26038
24665,26039
24665,3721
24665,10429
24665,6055
24668,26040
24669,26041
24669,26042
24669,26043
24669,26044
24670,26045
24670,17360
24671,9119
24671,26046
24672,26047
24672,4564
24672,11102
24672,6950
24673,11319
24673,26048
24674,1489
24674,26049
24674,26050
24674,26051
24674,26052
24675,25107
24675,26053
24675,25109
24675,25110
24676,1215
24677,12194
24677,26054
24677,9757
24677,10420
24677,26055
24678,5930
24678,4085
24679,26056
24679,26057
24679,1159
24680,24727
24681,3858
24681,26058
24682,4198
24682,26059
24684,26060
24685,26061
24686,26062
24687,26063
24687,10844
24687,26064
24688,10610
24690,26065
24691,26066
24692,26067
24692,7771
24693,12501
24694,26068
24694,26069
24694,24821
24694,26070
24696,26071
24697,26072
24698,1273
24699,26073
24700,26074
24700,26075
24700,26076
24700,26077
24701,26078
24703,26079
24703,9414
24703,13906
24703,4566
24704,26080
24704,26081
24705,10559
24705,8209
24705,23496
24706,26082
24707,26083
24707,12096
24708,26084
24708,26085
24709,26086
24709,26087
24711,26088
24712,26089
24713,26090
24713,26091
24713,751
24714,26092
24714,6529
24715,20940
24716,221
24716,220
24717,22716
24717,26093
24717,26094
24717,26095
24718,6197
24718,7139
24719,20364
24721,26096
24721,11294
24722,26097
24722,17498
24722,26098
24723,26099
24724,26100
24724,10798
24724,3022
24725,11665
24725,26101
24725,14420
24726,13455
24726,11784
24726,26102
24727,26103
24728,26104
24729,18789
24730,26105
24730,26106
24731,26107
24731,26108
24732,26109
24733,26110
24734,26111
24734,26112
24735,26113
24735,26114
24736,26115
24737,26116
24738,26117
24739,26118
24740,13149
24741,26119
24741,26120
24741,26121
24742,3902
24742,3903
24742,8592
24742,18211
24743,4504
24743,26122
24744,26123
24744,8752
24744,1637
24745,17406
24745,26124
24746,26125
24746,20261
24747,1526
24747,1525
24748,2703
24749,4045
24749,16427
24750,24094
24751,26126
24751,26127
24752,26128
24752,26129
24753,26130
24754,26131
24755,1909
24755,14273
24755,26132
24756,26133
24756,26134
24757,26135
24758,16810
24758,26136
24759,366
24760,18554
24760,26137
24761,26138
24761,26139
24762,6502
24762,26140
24762,26141
24762,26142
24763,26143
24763,26144
24764,24582
24764,26145
24765,5508
24765,26146
24766,26147
24767,26148
24767,4526
24767,8389
24767,26149
24767,4527
24768,26150
24768,26151
24769,26152
24770,9014
24770,9016
24771,19625
24772,26153
24773,26154
24773,26155
24774,26156
24774,26157
24774,26158
24775,4246
24775,5099
24776,26159
24776,4505
24777,26160
24778,26161
24779,7842
24779,7841
24780,5967
24780,3764
24780,26162
24781,26163
24782,26164
24782,6055
24783,13178
24783,13179
24784,26165
24785,26166
24786,26167
24786,26168
24786,26169
24786,26170
24787,26171
24787,26172
24788,20872
24789,26167
24789,26173
24789,26174
24789,25349
24790,26175
24791,26176
24792,26177
24792,26178
24793,26179
24793,26180
24794,23247
24795,26181
24796,26182
24796,26183
24797,26184
24797,26185
24797,26186
24798,26187
24799,8233
24800,26188
24801,10297
24803,26189
24804,959
24804,23310
24805,16136
24805,26190
24807,26191
24808,9322
24808,9323
24810,26192
24810,26193
24811,26194
24812,26195
24812,26196
24813,26197
24813,26198
24814,17024
24815,26199
24815,26200
24815,26201
24816,26202
24816,26203
24816,26204
24817,26205
24817,26206
24818,26207
24818,12021
24819,18648
24820,5162
24820,26208
24820,10798
24820,2886
24821,26209
24821,26210
24821,13637
24822,26211
24823,26212
24823,26213
24824,26214
24825,26215
24826,26216
24827,25085
24827,26217
24827,26218
24829,13105
24829,26219
24829,26220
24830,7563
24830,7569
24831,26221
24832,26222
24833,25707
24833,26223
24834,26224
24834,26225
24835,2297
24835,26226
24835,26227
24836,11395
24836,11396
24836,26228
24836,26229
24837,26230
24838,26231
24838,7770
24839,494
24840,26232
24840,26233
24842,26234
24842,26235
24842,26236
24843,26237
24843,26238
24844,26239
24844,26240
24845,26241
24846,8897
24846,25279
24847,26242
24847,26243
24847,26244
24848,2391
24848,26245
24849,2462
24850,25317
24850,12632
24850,25319
24852,26246
24852,26013
24853,26247
24854,1811
24855,2182
24856,13130
24856,13129
24859,26248
24859,10553
24859,5773
24859,5772
24859,26249
24859,26250
24860,26251
24861,6235
24862,26252
24863,6321
24863,3402
24864,26253
24865,26254
24866,7126
24866,26255
24867,26256
24867,26257
24868,17572
24869,26258
24869,26259
24869,26260
24870,5222
24871,16271
24871,26261
24872,723
24872,26262
24872,10055
24872,12025
24873,26263
24874,26264
24874,18926
24874,26265
24875,26266
24876,16633
24877,26267
24877,26268
24877,11840
24877,26269
24877,26270
24878,26271
24879,25806
24879,25807
24880,26272
24881,14498
24883,22399
24884,6056
24885,26273
24886,26273
24887,23761
24888,26274
24889,1056
24890,26275
24890,26276
24891,12631
24891,26277
24892,26278
24892,26279
24892,26280
24893,6681
24893,26281
24893,9290
24894,26282
24895,5552
24896,26283
24896,8041
24897,26284
24897,26285
24898,26286
24898,26287
24899,26288
24900,5736
24901,26289
24902,26290
24902,4540
24902,3569
24903,6358
24903,26291
24904,4534
24904,10502
24905,17360
24905,17361
24906,15494
24906,26292
24908,3937
24908,26293
24909,26294
24909,26295
24910,26296
24910,26297
24911,26298
24912,26299
24913,26300
24913,2489
24913,2490
24914,26301
24914,7062
24915,26302
24915,16413
24915,26303
24916,26304
24917,26305
24918,26306
24918,26307
24918,26308
24918,26309
24919,26310
24920,26311
24920,26312
24921,26313
24923,26314
24923,26315
24924,26316
24924,23824
24925,16700
24925,26317
24925,24420
24926,2366
24927,26318
24928,26319
24929,13508
24929,26320
24929,26321
24931,26322
24932,2311
24932,26323
24932,26324
24934,26325
24935,26326
24935,26327
24935,26328
24935,26329
24935,26330
24936,6711
24936,26331
24936,26332
24936,26333
24937,26334
24938,21745
24939,26335
24940,26336
24940,26337
24941,26338
24941,26339
24942,26340
24943,26341
24944,26342
24945,26343
24945,26344
24946,25106
24946,26345
24946,25105
24947,9183
24949,3391
24949,26346
24949,26347
24949,26095
24949,3301
24951,26348
24951,26349
24952,26350
24952,26351
24953,26352
24953,17375
24953,17376
24954,26353
24955,25318
24955,18975
24955,26354
24956,26355
24958,26356
24958,26357
24959,26358
24960,26359
24961,21442
24962,26360
24962,2367
24962,17855
24962,21733
24962,26361
24963,26362
24963,26363
24964,26248
24964,13953
24965,7271
24965,26364
24965,26365
24965,2239
24965,26366
24965,26367
24966,26368
24966,26369
24967,26370
24968,6890
24969,5240
24969,14734
24970,26371
24970,2851
24971,9945
24972,26372
24972,26373
24972,26374
24973,3270
24973,7563
24974,26375
24974,26376
24975,26377
24976,26378
24976,26379
24976,8665
24977,17060
24977,26380
24978,26381
24979,26382
24979,26383
24980,26384
24982,11447
24982,26385
24983,17024
24984,26386
24984,26387
24985,26388
24985,26389
24986,26390
24987,16172
24988,26391
24989,11086
24990,26392
24991,1172
24991,4449
24992,26393
24992,26394
24992,26395
24993,26396
24994,26397
24995,21860
24995,21861
24995,24107
24996,143
24996,141
24996,26398
24997,26399
24997,26400
24997,26401
24998,26402
24998,26403
24998,19470
24998,26404
24999,26405
25000,26406
25000,26407
25001,24228
25001,24229
25001,26408
25001,26409
25002,26410
25002,4898
25003,26411
25004,26412
25005,8338
25006,3074
25007,25476
25007,25478
25007,26413
25007,26414
25008,26415
25009,26416
25009,26417
25010,26418
25011,12425
25012,26082
25013,15968
25014,26419
25014,26420
25014,26421
25015,26422
25016,26423
25017,26424
25017,26425
25018,26426
25018,9255
25019,26427
25019,20081
25020,26428
25020,26429
25021,8776
25022,26430
25023,4394
25023,3557
25023,8688
25024,589
25025,18650
25025,15579
25026,6234
25026,4136
25027,26431
25027,26432
25028,21205
25028,21206
25028,26433
25029,26434
25029,26435
25030,15042
25031,26436
25033,26437
25033,26438
25033,8962
25034,20557
25034,26439
25035,26440
25035,26441
25036,7404
25036,26442
25037,26443
25038,4649
25039,26444
25039,26445
25041,12674
25042,2030
25043,26446
25044,26447
25045,4295
25046,23271
25046,26448
25047,14226
25047,26449
25047,26450
25048,2541
25048,3049
25048,26451
25049,5256
25049,16034
25049,15861
25050,26452
25051,26453
25052,26454
25054,26455
25054,26456
25054,26457
25054,26458
25055,26459
25056,26460
25056,26461
25057,12077
25057,2241
25057,8592
25057,9261
25058,26462
25058,26463
25058,1910
25058,1662
25058,6504
25058,6503
25059,24446
25060,14206
25061,14155
25061,14156
25062,10284
25063,26464
25063,3322
25063,26465
25064,26466
25065,8222
25065,12981
25065,4701
25066,12085
25066,25902
25067,26467
25067,26468
25068,14631
25070,2385
25071,26469
25072,26470
25073,26471
25074,26472
25074,26473
25075,26474
25076,26475
25077,26476
25078,26477
25079,26478
25079,15273
25080,6151
25080,26479
25080,26480
25081,26481
25082,26482
25082,5873
25083,26483
25083,26484
25085,965
25085,26485
25085,26486
25086,26487
25086,18049
25088,4960
25088,9163
25089,3672
25090,9360
25090,10328
25090,9361
25090,18616
25090,9363
25090,26488
25091,2264
25091,26489
25091,7472
25092,11044
25092,26490
25092,26491
25093,26492
25093,26493
25094,26494
25094,1702
25094,24150
25095,26495
25096,26496
25097,26497
25098,26498
25099,4995
25100,26499
25101,26500
25101,26501
25102,26502
25102,26503
25102,26504
25103,26505
25103,2254
25103,26506
25104,26507
25104,26508
25105,26509
25106,26510
25106,26511
25106,26512
25107,26513
25108,25758
25108,26514
25109,26515
25109,26516
25109,26517
25109,26518
25110,26519
25110,26520
25111,12439
25111,26521
25112,26522
25112,23628
25112,19969
25112,26523
25112,26524
25112,26525
25113,9290
25114,26526
25115,26527
25117,2836
25118,26528
25118,26529
25119,26530
25119,26531
25120,18981
25121,23669
25121,26532
25122,26533
25122,26534
25123,25519
25123,10869
25124,9548
25124,11662
25124,11663
25124,1556
25126,26535
25126,23286
25127,26536
25127,26537
25127,26538
25127,26539
25127,26540
25127,26541
25127,17456
25128,26542
25128,26543
25129,2726
25129,10533
25129,26544
25129,5049
25130,26545
25130,26094
25130,1299
25130,26546
25131,25987
25132,26547
25132,26548
25132,26549
25133,26550
25134,26551
25134,26552
25135,26553
25135,26554
25137,26555
25137,26556
25138,1659
25139,26557
25139,26558
25139,26559
25140,26560
25141,6465
25141,24390
25142,26561
25143,2279
25143,26562
25144,26563
25144,26564
25144,915
25145,10142
25145,26565
25146,26566
25148,3631
25148,20601
25148,8652
25149,3335
25149,26567
25150,15037
25151,26568
25151,26569
25152,21484
25152,26570
25153,12927
25154,1390
25154,21308
25154,24107
25156,26571
25157,26572
25157,26573
25158,26574
25159,26575
25160,11411
25161,26576
25162,17302
25162,1825
25162,26577
25162,26578
25163,26579
25163,26580
25164,12302
25165,26581
25166,26582
25167,26583
25168,6534
25168,23783
25168,26584
25169,3408
25169,26585
25169,26586
25170,25083
25171,25792
25172,26587
25172,26588
25173,26589
25173,26590
25174,26479
25174,26591
25175,26592
25175,26593
25175,26594
25176,26595
25176,26596
25177,1713
25177,1714
25177,1373
25177,1374
25177,26597
25178,26598
25179,26599
25179,26600
25179,26601
25179,26602
25179,26603
25180,21848
25180,6979
25180,17406
25180,5072
25180,26604
25180,26605
25180,25235
25181,26606
25181,26607
25182,26608
25182,26609
25183,26610
25185,26611
25186,13328
25186,26612
25187,23915
25187,26613
25187,26614
25188,26615
25188,26616
25188,26617
25189,26618
25190,14174
25190,14175
25193,26619
25194,1036
25194,1037
25195,26620
25195,20878
25196,24740
25197,26621
25197,26622
25198,26623
25199,26624
25199,26625
25200,26626
25201,14758
25201,14760
25201,14759
25202,5737
25202,26627
25203,7529
25203,26628
25204,18460
25205,26629
25205,3702
25206,20779
25206,2429
25206,26630
25207,26631
25207,19081
25207,26632
25207,4314
25208,26633
25208,793
25209,26634
25209,26635
25210,26636
25210,15439
25210,26637
25211,26638
25211,26639
25212,26640
25212,5085
25213,26641
25214,26642
25214,26643
25215,26644
25215,25397
25217,26645
25218,1293
25218,26646
25218,26647
25218,26648
25218,26649
25218,26650
25218,26651
25218,26652
25218,7072
25218,26653
25218,26654
25218,26655
25218,26656
25219,26657
25219,26658
25220,10365
25220,20600
25221,26659
25221,26660
25221,26661
25222,26662
25222,26663
25223,26664
25224,12322
25225,26665
25226,3273
25226,26661
25227,26666
25227,26667
25227,24929
25227,7256
25228,25758
25228,26514
25229,26668
25229,26669
25230,26670
25230,26671
25230,26672
25230,26673
25231,26674
25231,26675
25232,26676
25232,7961
25232,26677
25233,26678
25233,26679
25233,26680
25233,9670
25234,26681
25234,26682
25237,26683
25238,26684
25239,26685
25239,4950
25240,26686
25240,26687
25241,26688
25241,26689
25242,26690
25242,26691
25243,11905
25243,26692
25244,3016
25244,26693
25244,26694
25245,26695
25245,26696
25245,26697
25246,26698
25246,26699
25247,26700
25247,26701
25248,26702
25248,26703
25249,26704
25249,26705
25250,26706
25250,26707
25251,26708
25251,26709
25252,17869
25254,26710
25254,21119
25254,26711
25254,26712
25254,21118
25254,26713
25254,21117
25255,24902
25255,26714
25255,26715
25255,26716
25255,26717
25255,26718
25255,26719
25256,26720
25257,26721
25257,26722
25258,26723
25259,26724
25260,26725
25260,26726
25260,26727
25261,26728
25262,10284
25262,26729
25263,26730
25263,26731
25264,18921
25264,18922
25265,26732
25265,26733
25266,21108
25266,26734
25266,6973
25266,26735
25266,6974
25267,26736
25267,26737
25268,1929
25268,26738
25269,26739
25270,26740
25270,26741
25270,15246
25271,26742
25271,26743
25271,26744
25271,26745
25272,26746
25273,26747
25274,26748
25274,26749
25274,180
25275,26750
25275,497
25276,26751
25278,26752
25279,26753
25280,26754
25280,26755
25281,26756
25281,26757
25281,26758
25282,26759
25283,26760
25283,26761
25284,26762
25284,19878
25285,21152
25285,21153
25286,26763
25287,26764
25287,26765
25287,26766
25288,11023
25289,26767
25289,2813
25290,4397
25290,4540
25290,10844
25290,8389
25291,3885
25291,26768
25291,5469
25292,26769
25292,13533
25292,26770
25293,9122
25294,1484
25296,26771
25296,26772
25296,26773
25296,26774
25297,1154
25298,1322
25298,1321
25298,26775
25298,26776
25299,26777
25300,730
25300,26778
25302,26779
25303,26780
25304,26781
25304,5344
25305,26782
25305,26783
25305,26784
25305,26785
25305,26786
25306,11330
25306,11328
25307,26787
25307,26788
25308,3819
25310,26789
25310,3885
25310,4710
25310,10844
25311,3405
25311,12831
25311,5615
25312,25552
25312,25891
25313,7231
25313,26790
25313,26791
25314,566
25314,3726
25315,8730
25316,26792
25317,3634
25317,26793
25318,26794
25319,26795
25319,26796
25320,12673
25321,26797
25321,26798
25321,6028
25321,6029
25322,4037
25322,26799
25322,26800
25323,26801
25324,13559
25324,26802
25324,26803
25324,26804
25325,26805
25325,26428
25325,10398
25326,26806
25326,26807
25326,26808
25327,26809
25327,3651
25328,26810
25328,26811
25328,26812
25328,26813
25328,26814
25329,13819
25329,26815
25329,26816
25329,4007
25331,26817
25332,26818
25332,21577
25332,21578
25333,26819
25333,26820
25334,26821
25334,26822
25335,6125
25335,26823
25336,26824
25337,26825
25337,26826
25337,26827
25338,21392
25338,26828
25339,26829
25339,26830
25340,26831
25340,26832
25341,6793
25341,2090
25341,2388
25342,2859
25342,26833
25343,26834
25344,26835
25345,26836
25345,26837
25345,3066
25346,26838
25346,26839
25347,26840
25348,26841
25348,14001
25349,129
25350,26842
25350,26843
25351,23271
25352,26844
25352,26845
25352,26846
25353,26847
25354,6317
25355,26848
25355,26849
25356,26850
25357,26851
25357,26852
25358,26853
25359,26854
25359,26855
25359,26856
25359,26857
25359,26858
25360,17009
25361,26859
25362,1740
25362,26860
25362,26861
25363,26862
25363,26863
25363,5029
25364,26864
25366,26865
25367,26866
25367,26867
25367,26868
25368,4669
25368,26869
25369,26870
25369,26871
25370,26872
25372,26873
25372,26874
25373,11150
25374,195
25375,26875
25375,15953
25376,26876
25376,26877
25377,26878
25377,26879
25378,4247
25378,26880
25378,15181
25379,26881
25380,26882
25381,26883
25382,2429
25382,26884
25383,26885
25384,6055
25385,3937
25386,26281
25387,26886
25388,12078
25389,26887
25389,26888
25390,26889
25392,13093
25393,136
25395,26890
25397,2351
25397,420
25397,26891
25397,26892
25398,26893
25398,26894
25398,26895
25398,26896
25398,26897
25398,26898
25399,8249
25400,21282
25400,8847
25401,8573
