Film_id,Genre_id
22379,8
22379,3
22380,1
22381,1
22381,8
22381,14
22382,10
22382,16
22383,16
22383,8
22383,17
22384,8
22384,12
22385,11
22386,5
22386,8
22386,11
22387,4
22387,8
22387,2
22388,8
22389,5
22389,8
22389,18
22389,11
22390,1
22390,8
22390,17
22391,8
22391,3
22392,8
22393,1
22394,10
22395,8
22396,8
22396,2
22397,4
22397,2
22397,11
22398,1
22398,17
22399,5
22399,8
22400,8
22400,2
22401,10
22402,5
22402,8
22402,11
22403,4
22403,1
22403,5
22403,11
22404,1
22405,4
22405,7
22405,8
22405,2
22405,18
22405,14
22407,8
22409,5
22409,8
22410,8
22410,3
22411,8
22412,1
22412,8
22413,15
22414,8
22415,8
22415,15
22417,8
22418,8
22419,5
22419,8
22420,1
22421,4
22421,7
22421,14
22423,8
22423,18
22423,11
22424,4
22424,11
22425,8
22426,8
22426,3
22426,21
22427,1
22427,10
22428,5
22428,8
22429,1
22429,15
22430,10
22430,17
22432,8
22432,3
22433,4
22433,7
22433,8
22434,6
22434,7
22434,1
22434,19
22434,2
22434,3
22435,1
22435,15
22436,10
22437,8
22438,8
22438,3
22438,14
22439,8
22440,8
22440,14
22441,17
22441,14
22442,1
22442,8
22442,3
22443,4
22443,7
22443,14
22443,11
22444,14
22446,4
22446,7
22446,16
22446,8
22446,3
22446,20
22447,1
22448,10
22451,4
22451,7
22452,7
22452,5
22452,8
22452,15
22452,11
22452,20
22453,16
22453,8
22453,17
22454,15
22454,11
22455,1
22455,8
22455,3
22456,10
22457,8
22458,8
22459,5
22459,8
22459,3
22460,8
22460,1
22460,10
22461,4
22461,7
22461,14
22462,5
22462,8
22462,15
22463,4
22463,8
22463,2
22463,15
22463,11
22464,1
22464,2
22464,3
22465,4
22465,7
22465,19
22465,2
22465,14
22466,1
22466,8
22466,3
22467,1
22467,10
22468,15
22469,4
22469,7
22469,19
22469,2
22469,18
22470,5
22470,15
22470,18
22470,11
22471,16
22471,8
22471,12
22471,20
22472,15
22473,7
22473,11
22474,8
22474,20
22475,8
22475,12
22475,20
22476,1
22476,8
22476,3
22476,21
22477,8
22478,8
22479,1
22479,8
22479,2
22479,12
22479,3
22480,1
22480,8
22480,3
22481,4
22481,5
22481,8
22481,9
22482,3
22482,1
22482,8
22483,6
22483,7
22483,1
22483,19
22483,2
22484,8
22485,1
22485,8
22486,8
22487,8
22488,10
22488,21
22489,16
22489,8
22489,17
22490,8
22490,13
22490,3
22491,5
22491,8
22492,8
22492,15
22493,4
22493,1
22493,9
22494,7
22494,19
22494,2
22495,10
22495,8
22496,8
22496,3
22496,11
22497,10
22498,1
22498,8
22499,10
22500,4
22500,5
22500,15
22500,18
22500,11
22501,4
22501,15
22501,11
22502,6
22502,7
22502,1
22502,19
22503,1
22504,1
22504,8
22505,15
22505,14
22505,11
22506,1
22507,15
22508,1
22508,8
22508,13
22508,3
22509,6
22509,7
22509,1
22509,19
22509,14
22510,7
22510,19
22510,2
22510,3
22511,8
22511,2
22511,15
22511,3
22512,6
22512,7
22512,1
22512,8
22512,19
22513,5
22514,1
22515,8
22515,19
22515,2
22516,5
22516,8
22516,11
22517,10
22518,11
22519,4
22519,7
22519,14
22520,16
22520,8
22521,16
22521,5
22521,8
22521,12
22521,11
22522,8
22523,8
22524,1
22524,8
22525,5
22525,8
22525,11
22526,7
22526,19
22527,8
22527,11
22528,8
22529,8
22530,1
22530,8
22530,21
22531,10
22531,21
22532,8
22532,15
22532,13
22532,11
22533,1
22534,8
22535,1
22535,3
22536,7
22536,19
22536,2
22537,5
22537,8
22537,18
22537,11
22538,1
22538,3
22539,1
22539,3
22540,4
22540,16
22540,5
22540,8
22540,11
22541,8
22541,11
22542,4
22542,8
22542,11
22543,4
22543,7
22543,2
22543,15
22543,14
22544,11
22545,8
22545,11
22546,8
22546,3
22547,1
22547,19
22547,2
22548,6
22548,7
22548,1
22548,19
22548,2
22549,4
22549,7
22549,14
22550,1
22551,16
22551,8
22551,12
22551,20
22552,8
22552,18
22552,3
22552,11
22553,3
22554,5
22554,8
22554,18
22555,1
22555,8
22556,8
22557,1
22557,8
22558,8
22558,17
22559,1
22559,8
22559,19
22560,4
22560,16
22560,8
22560,12
22560,20
22561,8
22562,8
22562,21
22563,8
22564,4
22564,7
22564,8
22564,19
22564,2
22564,11
22565,8
22565,21
22566,16
22566,8
22566,3
22567,8
22569,1
22569,8
22569,2
22570,8
22571,10
22571,8
22572,4
22572,8
22572,2
22573,15
22573,18
22573,14
22574,4
22574,7
22574,14
22575,1
22575,8
22575,3
22576,7
22576,8
22577,1
22577,8
22578,1
22579,6
22579,7
22579,1
22579,19
22580,1
22580,8
22580,3
22581,8
22582,1
22582,3
22582,21
22583,8
22583,18
22584,6
22584,7
22584,1
22584,19
22584,2
22585,1
22585,8
22586,4
22586,5
22586,8
22586,11
22587,16
22587,8
22587,17
22588,1
22588,10
22589,7
22589,19
22589,2
22590,8
22590,2
22590,3
22591,1
22592,1
22592,19
22592,2
22593,16
22593,1
22593,8
22593,17
22593,3
22593,20
22594,1
22594,8
22595,8
22596,6
22596,1
22596,19
22596,21
22597,3
22597,14
22598,1
22598,8
22598,3
22599,10
22600,1
22601,1
22601,5
22601,21
22602,4
22602,7
22602,1
22603,8
22603,18
22603,11
22604,1
22605,4
22605,1
22605,18
22605,11
22606,1
22606,3
22606,21
22607,8
22607,15
22607,11
22608,1
22608,14
22609,1
22609,8
22610,4
22610,7
22610,8
22610,12
22610,20
22611,8
22611,3
22612,8
22613,11
22613,8
22614,4
22614,1
22614,14
22615,8
22616,8
22616,17
22617,16
22617,8
22617,3
22618,1
22618,8
22618,13
22618,3
22619,8
22620,14
22620,11
22621,5
22621,8
22621,11
22622,1
22623,1
22623,8
22623,3
22624,8
22624,14
22625,10
22626,15
22626,11
22627,1
22627,8
22628,4
22628,1
22629,10
22629,17
22630,1
22631,4
22631,8
22631,11
22632,1
22632,8
22632,3
22633,4
22633,8
22634,4
22634,15
22634,14
22634,11
22635,1
22635,8
22636,16
22637,8
22638,8
22639,4
22639,8
22640,5
22640,8
22640,15
22640,11
22641,18
22641,11
22642,8
22642,3
22643,4
22643,14
22643,11
22644,1
22644,8
22644,3
22645,8
22645,3
22645,20
22646,15
22647,4
22648,1
22649,1
22649,8
22650,15
22650,18
22651,5
22651,8
22652,8
22653,10
22654,15
22655,1
22655,3
22656,8
22656,3
22657,7
22657,1
22657,12
22657,3
22658,11
22659,4
22659,14
22660,1
22660,3
22661,16
22661,8
22661,12
22663,1
22663,8
22663,3
22664,8
22664,3
22665,15
22666,1
22666,3
22667,8
22667,13
22667,1
22668,4
22668,18
22668,11
22669,16
22669,8
22669,21
22670,8
22670,2
22670,15
22671,6
22671,4
22671,7
22671,1
22671,19
22672,8
22672,11
22673,1
22674,8
22674,18
22674,3
22675,1
22676,4
22676,5
22676,8
22676,11
22677,15
22677,18
22677,11
22678,4
22678,5
22678,11
22679,10
22680,1
22681,4
22681,5
22681,8
22681,11
22682,15
22682,11
22683,4
22683,7
22683,8
22683,2
22683,12
22684,7
22684,14
22685,8
22685,3
22686,15
22686,14
22686,11
22687,16
22687,5
22687,8
22687,12
22687,9
22688,5
22688,8
22688,15
22688,18
22688,14
22688,11
22689,5
22689,8
22689,18
22689,11
22690,7
22690,1
22690,3
22691,15
22691,11
22692,1
22692,8
22692,17
22693,11
22694,8
22694,2
22694,12
22694,17
22694,13
22694,3
22695,1
22695,21
22696,5
22696,18
22696,11
22697,15
22697,11
22697,9
22698,8
22699,1
22699,5
22699,18
22700,4
22700,7
22700,8
22700,11
22700,20
22701,1
22702,1
22703,10
22704,10
22705,8
22706,8
22706,3
22707,1
22707,8
22708,5
22708,8
22708,11
22709,16
22709,8
22709,12
22709,18
22710,8
22710,1
22711,15
22711,18
22712,8
22712,3
22713,7
22714,4
22714,7
22714,1
22714,2
22716,10
22716,8
22717,8
22718,8
22719,5
22719,11
22720,8
22721,1
22721,8
22722,15
22723,15
22723,18
22723,11
22724,8
22725,1
22725,8
22726,1
22726,5
22727,14
22727,11
22728,6
22728,1
22728,5
22728,19
22729,4
22729,8
22729,2
22730,1
22730,8
22732,8
22733,8
22733,21
22734,1
22735,4
22735,7
22735,2
22736,15
22737,15
22738,3
22738,11
22739,1
22739,8
22739,20
22740,2
22740,20
22740,15
22741,4
22741,8
22741,12
22741,3
22741,20
22742,16
22742,8
22742,17
22742,3
22743,1
22743,8
22743,3
22744,4
22744,5
22744,11
22745,4
22745,5
22745,8
22745,11
22746,8
22746,18
22746,11
22747,2
22747,15
22747,18
22748,16
22748,1
22748,5
22748,3
22748,11
22749,8
22750,8
22751,1
22751,4
22752,6
22752,7
22752,1
22752,19
22752,2
22753,1
22753,3
22754,15
22755,1
22756,1
22757,11
22758,11
22760,8
22760,20
22761,8
22762,1
22763,5
22763,15
22763,11
22764,4
22764,14
22764,11
22765,5
22765,8
22765,18
22765,11
22766,1
22766,3
22767,8
22768,7
22768,1
22768,8
22769,4
22769,7
22769,2
22770,8
22770,5
22770,3
22770,11
22771,5
22771,8
22771,18
22771,3
22772,15
22772,11
22773,1
22773,19
22774,8
22775,1
22776,3
22777,10
22778,6
22778,4
22778,7
22778,1
22778,19
22778,2
22778,14
22779,1
22780,8
22780,2
22780,14
22781,10
22782,8
22782,1
22783,19
22784,18
22784,11
22785,10
22786,4
22786,8
22786,21
22787,1
22787,19
22787,17
22788,10
22788,21
22789,6
22789,4
22789,7
22789,1
22789,2
22789,14
22790,8
22790,2
22791,7
22792,10
22793,10
22794,16
22794,1
22794,8
22794,3
22795,15
22795,18
22795,11
22796,7
22796,1
22796,8
22796,3
22796,11
22796,20
22797,1
22797,8
22797,3
22798,7
22798,1
22798,8
22798,3
22798,20
22798,9
22799,8
22800,19
22800,2
22800,18
22801,5
22801,11
22802,8
22803,10
22804,15
22805,8
22805,13
22806,8
22806,18
22806,3
22807,11
22808,5
22808,8
22808,11
22809,6
22809,4
22810,4
22810,5
22810,15
22810,11
22811,1
22812,1
22812,19
22812,2
22813,5
22813,18
22813,11
22814,1
22815,4
22815,7
22815,17
22816,4
22816,8
22816,3
22817,7
22817,5
22817,19
22817,18
22817,11
22818,8
22819,8
22820,15
22820,18
22820,11
22821,16
22821,8
22821,12
22822,10
22823,8
22824,1
22825,4
22825,8
22825,18
22825,11
22826,1
22826,8
22827,4
22827,5
22827,8
22827,21
22828,16
22828,8
22828,17
22829,4
22829,14
22829,11
22830,6
22831,15
22831,11
22832,8
22832,20
22833,4
22833,7
22833,2
22833,11
22833,20
22834,8
22834,15
22834,18
22834,11
22835,7
22835,1
22835,8
22836,6
22836,1
22836,2
22837,8
22837,3
22837,20
22838,15
22839,15
22839,14
22839,11
22840,15
22840,11
22841,4
22841,7
22841,1
22841,15
22841,14
22841,11
22842,16
22842,1
22843,6
22844,6
22844,1
22844,19
22844,2
22844,13
22844,3
22845,16
22845,8
22846,8
22846,17
22846,3
22847,8
22847,3
22847,14
22848,15
22848,11
22849,10
22850,10
22851,4
22851,1
22851,5
22852,1
22852,19
22853,8
22854,8
22854,15
22855,1
22856,8
22856,15
22856,14
22856,11
22857,8
22858,4
22858,7
22858,20
22859,2
22860,1
22861,10
22861,17
22862,8
22863,4
22863,7
22863,14
22864,1
22865,10
22866,4
22866,11
22867,15
22868,6
22868,7
22868,1
22869,4
22869,8
22869,11
22870,2
22870,15
22870,18
22871,4
22871,8
22871,21
22872,8
22873,8
22873,11
22874,1
22874,2
22874,17
22876,8
22876,15
22876,11
22877,4
22877,15
22877,14
22878,8
22878,19
22879,14
22880,7
22880,1
22880,19
22880,2
22881,7
22881,1
22881,19
22882,1
22883,8
22884,10
22885,16
22885,5
22885,8
22886,18
22886,11
22887,8
22887,18
22887,11
22888,1
22888,18
22888,11
22889,4
22889,8
22889,11
22890,1
22891,8
22891,2
22891,15
22891,18
22891,11
22892,15
22892,11
22893,4
22893,7
22893,18
22893,11
22894,1
22894,5
22894,15
22894,11
22895,8
22895,3
22896,1
22896,8
22896,17
22897,4
22897,5
22897,11
22898,6
22898,1
22898,19
22898,2
22899,5
22899,8
22899,18
22899,11
22900,4
22900,11
22901,1
22901,15
22902,8
22902,20
22903,16
22903,21
22904,1
22904,3
22905,8
22906,4
22906,7
22906,19
22907,1
22907,8
22907,3
22908,13
22909,1
22910,1
22910,15
22911,8
22911,18
22911,3
22912,1
22912,8
22912,3
22913,1
22914,1
22914,5
22915,4
22915,5
22915,8
22915,17
22916,11
22917,4
22917,7
22917,1
22917,19
22917,2
22917,14
22918,15
22918,18
22918,11
22919,4
22919,5
22919,8
22919,11
22920,16
22920,8
22920,12
22920,3
22921,1
22921,8
22922,10
22923,10
22923,17
22925,8
22926,8
22926,15
22927,10
22928,4
22928,5
22928,8
22928,11
22929,1
22929,3
22930,8
22930,11
22931,8
22932,8
22933,1
22933,8
22933,2
22934,1
22934,8
22935,15
22935,14
22936,8
22937,1
22937,8
22937,3
22938,10
22939,1
22940,1
22940,19
22940,3
22940,21
22941,8
22942,8
22943,16
22943,8
22943,2
22943,12
22944,1
22944,2
22944,3
22945,8
22945,11
22946,10
22947,16
22947,8
22947,21
22948,8
22949,4
22949,5
22949,8
22950,8
22950,17
22950,3
22951,8
22952,5
22952,8
22952,21
22952,11
22953,8
22954,3
22955,8
22956,1
22956,5
22956,8
22956,17
22957,8
22957,15
22957,18
22957,11
22958,5
22958,8
22959,8
22960,5
22960,8
22960,21
22961,15
22962,1
22962,2
22962,15
22963,8
22964,4
22964,11
22965,4
22965,8
22965,12
22965,20
22966,4
22966,7
22966,15
22966,14
22966,11
22967,1
22967,5
22967,8
22968,8
22968,15
22968,11
22969,8
22970,1
22970,8
22970,3
22971,16
22971,1
22971,8
22971,12
22972,8
22972,12
22972,3
22972,11
22973,15
22974,8
22974,11
22975,8
22976,8
22977,10
22978,8
22978,12
22978,20
22979,7
22979,19
22979,18
22980,1
22981,1
22982,1
22983,4
22983,5
22983,11
22984,8
22986,15
22986,18
22987,1
22987,8
22987,3
22988,8
22989,5
22989,8
22989,18
22989,11
22990,7
22990,8
22990,21
22991,1
22991,8
22991,3
22992,8
22993,8
22993,11
22994,1
22994,19
22995,8
22996,5
22996,8
22997,8
22997,12
22997,3
22997,9
22998,8
22999,8
23000,18
23000,3
23001,5
23001,8
23001,18
23002,4
23002,8
23002,11
23003,8
23004,8
23005,1
23005,8
23005,3
23006,8
23007,8
23008,8
23009,1
23009,15
23009,18
23010,1
23010,5
23010,8
23011,1
23011,15
23012,15
23012,11
23013,1
23013,3
23015,8
23015,21
23016,11
23017,15
23017,18
23017,14
23017,11
23018,1
23018,8
23019,1
23019,8
23020,8
23021,1
23022,1
23022,8
23023,1
23023,8
23024,6
23024,7
23024,1
23024,19
23024,2
23025,8
23026,10
23027,10
23028,8
23028,3
23029,1
23029,8
23029,2
23030,7
23030,19
23030,18
23031,5
23031,8
23031,12
23032,4
23032,7
23032,12
23032,20
23033,1
23033,2
23033,3
23034,3
23035,4
23035,5
23035,8
23035,11
23036,4
23036,1
23036,5
23036,11
23037,5
23037,8
23037,3
23038,10
23039,4
23039,1
23039,5
23039,15
23039,18
23039,11
23040,15
23041,4
23041,5
23041,8
23041,11
23042,15
23042,11
23043,7
23043,1
23043,2
23043,13
23043,3
23044,4
23044,1
23044,19
23045,10
23046,8
23047,1
23047,3
23048,8
23048,2
23048,18
23048,11
23049,1
23049,8
23050,11
23051,8
23051,11
23052,4
23052,5
23052,11
23053,8
23053,15
23054,5
23054,8
23054,11
23055,8
23056,1
23057,4
23057,1
23058,8
23059,5
23059,8
23059,18
23060,15
23061,1
23062,15
23062,14
23063,1
23063,2
23063,15
23063,11
23064,4
23064,8
23064,18
23065,8
23066,1
23066,15
23067,1
23067,3
23068,14
23069,1
23069,8
23069,14
23070,1
23070,2
23070,15
23070,14
23071,8
23072,4
23072,7
23072,8
23073,1
23073,3
23074,5
23074,8
23074,11
23075,1
23076,6
23076,1
23077,10
23077,5
23078,1
23078,8
23078,2
23079,8
23079,17
23080,11
23081,4
23081,1
23081,5
23081,2
23082,15
23083,10
23084,1
23084,3
23085,1
23085,8
23086,8
23086,20
23087,10
23087,16
23087,17
23088,1
23088,5
23088,19
23088,3
23088,11
23089,1
23089,3
23090,10
23090,21
23091,11
23092,4
23092,7
23092,14
23092,11
23093,8
23094,4
23094,5
23094,8
23095,10
23096,4
23096,8
23096,11
23097,10
23098,11
23099,8
23099,15
23100,8
23100,12
23101,4
23101,5
23101,11
23102,6
23102,7
23102,1
23102,19
23103,15
23103,18
23104,7
23104,2
23105,1
23106,1
23107,1
23107,8
23107,3
23108,4
23108,7
23108,8
23108,14
23108,11
23109,1
23109,8
23109,3
23110,8
23111,1
23112,15
23112,18
23112,14
23112,11
23113,10
23114,4
23114,8
23115,8
23115,11
23116,8
23116,11
23117,8
23118,10
23119,1
23119,8
23119,3
23120,10
23120,21
23121,5
23121,8
23121,12
23122,1
23122,8
23123,5
23123,18
23123,11
23124,1
23124,8
23125,1
23125,8
23126,4
23126,7
23126,1
23127,1
23127,5
23128,6
23128,7
23128,19
23129,8
23129,11
23129,20
23130,7
23130,1
23131,10
23131,17
23132,1
23132,8
23133,11
23134,8
23134,2
23134,18
23134,3
23134,14
23135,14
23135,11
23136,4
23136,7
23136,15
23136,14
23136,11
23137,1
23138,15
23138,11
23139,16
23139,1
23139,8
23140,4
23140,15
23140,18
23141,8
23141,9
23142,8
23142,3
23143,5
23143,8
23143,11
23144,15
23145,15
23145,18
23145,11
23146,1
23146,5
23147,6
23147,7
23147,1
23147,19
23147,14
23148,5
23148,8
23149,1
23149,8
23150,6
23150,7
23150,2
23151,4
23151,1
23151,3
23151,21
23151,11
23152,8
23153,15
23154,1
23154,3
23156,10
23157,8
23158,8
23160,4
23160,14
23160,11
23161,15
23162,1
23162,5
23162,8
23162,11
23163,1
23163,3
23164,1
23165,1
23165,3
23166,4
23166,5
23166,8
23167,1
23167,8
23168,4
23168,5
23168,8
23169,1
23169,8
23169,2
23169,17
23169,3
23170,4
23170,1
23170,8
23170,3
23171,8
23172,16
23173,8
23174,7
23174,8
23174,19
23174,2
23174,11
23175,8
23175,3
23176,7
23176,1
23176,8
23176,19
23176,18
23177,8
23177,2
23177,15
23177,18
23177,11
23178,8
23179,5
23179,8
23180,8
23181,1
23182,1
23183,4
23183,8
23183,11
23184,1
23184,8
23184,3
23185,1
23185,8
23185,13
23185,3
23186,8
23187,1
23187,8
23188,10
23189,16
23189,8
23190,4
23190,1
23190,15
23190,11
23191,1
23191,8
23191,20
23192,5
23192,8
23192,11
23193,15
23193,11
23194,8
23195,8
23196,8
23196,9
23197,8
23197,15
23197,11
23198,1
23198,8
23198,3
23199,10
23200,6
23200,7
23200,19
23201,8
23202,1
23203,8
23204,10
23204,16
23204,5
23204,12
23204,15
23205,8
23206,4
23206,7
23206,2
23206,14
23207,1
23207,5
23207,8
23208,1
23208,19
23208,2
23209,1
23209,8
23210,19
23211,4
23211,1
23211,5
23211,11
23212,15
23212,11
23213,1
23213,14
23214,1
23214,8
23215,5
23215,8
23215,18
23215,11
23216,4
23216,7
23216,1
23217,1
23217,8
23218,8
23219,10
23219,12
23220,1
23222,8
23222,3
23223,15
23224,8
23225,10
23226,5
23226,11
23227,1
23227,8
23228,8
23229,7
23229,14
23229,11
23230,3
23231,10
23231,8
23231,21
23232,8
23233,1
23233,3
23234,5
23234,8
23234,11
23235,10
23236,8
23237,8
23237,3
23238,10
23238,19
23239,8
23239,3
23240,1
23240,8
23240,3
23241,5
23241,18
23241,11
23242,5
23242,8
23242,11
23243,1
23243,3
23244,4
23245,8
23245,3
23246,16
23246,5
23246,8
23246,12
23247,11
23248,15
23249,4
23249,8
23249,15
23249,11
23250,4
23250,7
23250,14
23250,11
23251,1
23252,1
23252,8
23253,1
23253,8
23254,1
23254,2
23254,15
23255,1
23255,8
23255,3
23256,8
23257,8
23257,20
23258,7
23258,1
23259,1
23259,15
23260,5
23260,15
23260,11
23261,4
23261,18
23261,11
23262,11
23263,1
23263,13
23264,8
23265,5
23265,8
23265,18
23265,11
23266,7
23266,8
23267,8
23267,3
23268,8
23269,1
23269,3
23269,14
23270,8
23270,2
23270,18
23271,4
23271,15
23271,11
23272,8
23273,1
23273,3
23274,4
23274,1
23275,8
23276,4
23276,8
23276,3
23277,10
23278,1
23278,3
23279,4
23279,7
23279,8
23279,13
23279,3
23279,14
23280,4
23280,7
23280,18
23280,14
23281,8
23282,4
23282,5
23282,8
23283,8
23283,20
23284,7
23285,1
23285,8
23285,3
23286,1
23286,3
23287,10
23288,15
23288,14
23288,11
23289,8
23289,3
23290,16
23290,8
23290,3
23291,10
23292,8
23293,1
23293,8
23293,3
23294,8
23294,19
23295,15
23296,15
23296,11
23297,8
23297,11
23298,15
23298,21
23298,11
23299,1
23300,1
23301,1
23302,1
23303,10
23304,15
23305,8
23306,1
23306,15
23306,18
23306,11
23307,10
23308,4
23308,1
23308,5
23308,8
23308,11
23309,10
23310,8
23311,10
23312,1
23312,19
23312,21
23313,8
23314,1
23314,17
23314,13
23315,1
23315,8
23316,8
23317,1
23318,8
23319,8
23319,11
23320,15
23320,11
23321,4
23321,8
23321,12
23322,1
23323,4
23323,1
23323,5
23323,8
23324,1
23324,8
23324,3
23325,5
23325,8
23325,11
23326,19
23327,1
23327,8
23328,1
23329,8
23329,11
23330,10
23331,4
23331,7
23331,2
23332,8
23333,15
23333,11
23334,1
23334,3
23335,15
23335,11
23336,15
23337,7
23337,19
23337,2
23338,4
23338,8
23338,11
23339,1
23339,8
23339,3
23340,1
23341,8
23342,8
23343,1
23344,1
23344,3
23345,8
23345,3
23346,8
23346,3
23347,8
23348,1
23348,8
23349,8
23350,18
23351,10
23352,16
23353,8
23354,19
23355,8
23355,13
23355,3
23356,4
23357,14
23357,11
23358,10
23358,18
23359,1
23359,8
23359,14
23360,8
23360,11
23361,10
23362,1
23362,8
23362,3
23363,10
23364,4
23364,8
23365,10
23366,1
23366,3
23367,5
23367,8
23367,17
23368,4
23368,8
23369,8
23369,19
23370,10
23371,4
23371,7
23371,11
23372,11
23373,8
23373,2
23373,15
23373,11
23374,16
23375,5
23375,11
23376,8
23377,5
23377,15
23377,11
23378,1
23379,5
23379,15
23379,18
23379,11
23380,1
23380,3
23381,11
23382,8
23383,11
23384,1
23384,8
23384,3
23385,8
23385,3
23386,5
23386,8
23387,8
23387,20
23388,1
23388,8
23388,2
23388,3
23389,10
23389,17
23390,10
23391,10
23393,10
23395,10
23396,1
23397,15
23397,11
23398,11
23399,19
23400,1
23401,5
23401,8
23401,11
23402,8
23403,6
23403,7
23403,1
23403,2
23403,3
23404,1
23405,8
23406,10
23407,10
23408,20
23409,8
23410,4
23410,1
23410,2
23411,14
23412,1
23412,13
23413,7
23413,1
23414,4
23414,7
23414,19
23414,2
23415,15
23416,7
23416,8
23416,18
23417,3
23418,8
23419,1
23419,5
23420,16
23420,8
23420,21
23421,1
23421,8
23421,2
23421,18
23422,15
23424,1
23425,8
23425,20
23426,1
23426,8
23427,7
23427,8
23427,19
23428,8
23429,5
23429,15
23429,18
23429,11
23430,19
23431,8
23431,2
23431,14
23432,8
23432,17
23433,4
23433,7
23433,5
23433,8
23434,8
23435,1
23435,8
23436,10
23437,1
23438,5
23438,8
23439,1
23439,8
23440,4
23440,1
23441,5
23441,8
23442,8
23442,13
23442,3
23443,4
23443,7
23443,2
23443,15
23443,14
23443,11
23444,4
23444,8
23444,20
23445,1
23446,1
23446,8
23447,1
23447,14
23448,7
23448,16
23448,8
23449,4
23449,14
23450,1
23450,17
23450,3
23451,8
23452,4
23452,8
23452,11
23453,10
23454,8
23454,3
23455,1
23455,5
23455,8
23456,8
23457,8
23457,3
23458,7
23458,8
23458,15
23459,5
23459,18
23459,11
23460,15
23461,1
23461,8
23463,8
23464,8
23464,3
23464,11
23465,8
23466,7
23466,19
23466,2
23467,1
23468,1
23468,13
23469,1
23470,1
23470,5
23470,18
23470,11
23471,1
23471,3
23472,8
23473,1
23473,3
23474,1
23474,8
23474,13
23475,1
23476,8
23476,3
23477,1
23477,8
23477,3
23478,10
23478,16
23479,19
23479,2
23479,13
23480,16
23480,1
23480,8
23482,10
23483,8
23483,3
23484,1
23485,8
23485,12
23485,17
23485,20
23486,7
23486,1
23486,19
23486,14
23487,16
23487,5
23487,8
23487,11
23488,1
23488,8
23488,15
23489,4
23489,16
23489,5
23489,8
23489,12
23489,11
23490,8
23490,18
23490,11
23491,8
23492,4
23492,5
23492,8
23492,11
23493,8
23493,3
23494,8
23494,20
23495,15
23496,8
23496,11
23497,8
23498,11
23499,8
23499,3
23500,8
23501,7
23501,1
23501,19
23501,3
23501,14
23502,15
23502,18
23503,8
23504,10
23505,1
23505,8
23506,8
23507,5
23507,8
23508,8
23509,8
23509,19
23509,14
23510,7
23510,1
23510,8
23511,19
23511,3
23512,1
23512,3
23513,8
23514,8
23514,2
23515,8
23516,8
23517,8
23518,4
23518,7
23518,8
23519,1
23520,15
23521,8
23522,1
23522,8
23522,3
23523,10
23523,12
23523,17
23524,8
23525,7
23525,1
23525,8
23525,3
23526,8
23526,18
23526,11
23527,10
23528,1
23528,8
23528,3
23529,8
23529,11
23530,8
23530,20
23531,8
23531,15
23531,11
23532,8
23532,19
23532,2
23533,1
23534,8
23534,2
23534,11
23535,21
23536,4
23536,7
23536,5
23536,15
23536,20
23537,15
23538,4
23538,8
23539,8
23540,8
23540,13
23541,8
23542,8
23543,8
23544,1
23544,8
23545,8
23546,10
23547,1
23547,2
23548,5
23548,8
23548,11
23549,8
23549,15
23549,11
23550,1
23550,8
23551,4
23551,1
23552,8
23552,17
23552,3
23553,10
23554,10
23555,8
23555,3
23557,10
23558,10
23559,8
23560,10
23561,10
23562,4
23563,1
23563,15
23564,1
23564,8
23564,3
23565,8
23566,4
23566,7
23567,4
23567,2
23567,15
23568,8
23569,7
23569,8
23569,11
23570,5
23570,8
23570,11
23571,8
23571,12
23571,11
23571,20
23572,8
23572,17
23573,1
23573,5
23573,3
23574,1
23574,5
23574,8
23574,11
23575,1
23576,1
23576,8
23577,18
23577,11
23578,1
23578,8
23578,20
23579,5
23579,8
23579,11
23580,15
23581,4
23582,15
23582,14
23582,11
23583,1
23584,1
23584,8
23584,3
23585,4
23586,8
23587,5
23587,8
23587,11
23588,8
23589,7
23590,8
23590,17
23590,3
23592,5
23592,8
23592,3
23593,10
23594,8
23595,8
23595,15
23596,8
23597,4
23597,8
23597,3
23598,1
23599,8
23599,3
23600,8
23600,18
23600,3
23600,20
23601,1
23601,11
23602,3
23603,1
23603,8
23604,8
23605,4
23605,1
23605,14
23606,8
23607,4
23607,5
23607,8
23608,4
23608,1
23608,17
23609,8
23609,18
23610,8
23611,10
23612,8
23613,1
23613,8
23614,5
23614,8
23614,18
23615,8
23615,21
23616,8
23616,17
23617,1
23617,8
23618,1
23618,21
23619,1
23620,1
23621,8
23622,1
23622,8
23622,3
23623,1
23623,2
23623,3
23624,8
23624,3
23624,20
23625,11
23626,4
23627,5
23627,8
23627,11
23628,1
23628,21
23629,8
23629,3
23630,1
23630,21
23631,1
23631,15
23632,1
23632,15
23633,1
23633,8
23634,4
23634,8
23635,8
23636,8
23637,3
23638,8
23639,1
23639,15
23640,4
23640,8
23640,11
23641,1
23641,8
23642,1
23642,8
23643,10
23644,1
23644,8
23645,1
23646,1
23646,3
23647,4
23647,8
23647,11
23648,1
23648,8
23649,10
23650,15
23650,18
23651,10
23651,3
23652,1
23652,8
23652,3
23653,8
23653,3
23654,1
23654,3
23655,10
23656,7
23656,15
23656,14
23657,8
23658,10
23659,1
23660,10
23661,4
23661,8
23661,19
23662,10
23663,6
23663,8
23663,2
23664,1
23664,21
23665,10
23665,8
23666,4
23667,8
23667,15
23667,11
23668,2
23668,15
23669,1
23670,8
23671,14
23672,8
23672,11
23673,1
23673,3
23674,11
23675,1
23675,8
23676,8
23676,18
23676,3
23677,1
23677,8
23678,8
23679,1
23680,3
23680,14
23681,1
23681,5
23681,8
23682,8
23683,8
23683,3
23684,1
23685,6
23685,19
23686,8
23687,6
23687,15
23687,18
23688,6
23688,7
23688,1
23688,9
23689,5
23689,8
23690,1
23691,8
23692,8
23693,1
23694,8
23695,10
23696,1
23697,4
23697,7
23697,5
23698,1
23699,5
23699,8
23699,18
23699,11
23700,10
23701,19
23702,8
23703,1
23703,13
23703,3
23704,8
23705,1
23705,8
23705,3
23706,1
23706,8
23706,3
23707,8
23707,12
23707,20
23708,10
23709,5
23709,8
23709,15
23709,11
23710,10
23710,16
23711,5
23711,8
23711,3
23711,11
23712,1
23712,15
23712,9
23713,8
23713,12
23713,3
23713,11
23714,6
23714,7
23714,19
23714,2
23714,13
23715,8
23716,8
23717,8
23718,15
23718,14
23719,7
23719,8
23720,1
23720,8
23720,15
23720,11
23721,16
23721,1
23722,8
23723,8
23723,19
23724,4
23724,5
23724,8
23724,11
23725,1
23725,5
23725,3
23725,11
23726,1
23728,8
23729,14
23730,1
23731,15
23731,11
23732,1
23733,8
23733,17
23734,1
23735,8
23736,8
23736,3
23737,1
23737,8
23738,10
23738,17
23739,1
23740,8
23741,7
23742,15
23743,1
23744,5
23744,8
23744,18
23745,7
23745,1
23745,2
23746,4
23747,1
23748,4
23748,7
23748,1
23749,8
23750,8
23750,3
23751,4
23752,1
23752,8
23752,3
23753,1
23753,3
23754,1
23755,8
23756,7
23756,15
23756,11
23757,4
23757,7
23757,14
23758,10
23758,16
23758,17
23759,8
23760,1
23761,11
23762,18
23762,11
23763,10
23764,1
23765,8
23765,3
23766,8
23767,1
23768,5
23768,8
23768,18
23768,11
23769,8
23770,8
23771,7
23771,1
23772,4
23772,5
23772,8
23772,3
23772,9
23773,4
23773,7
23773,1
23774,8
23775,15
23775,11
23776,8
23777,1
23777,8
23777,3
23778,8
23779,16
23779,5
23779,8
23779,15
23780,15
23781,6
23781,1
23781,19
23782,15
23783,10
23784,10
23785,8
23785,21
23786,8
23786,3
23787,1
23788,8
23788,15
23789,1
23789,8
23789,3
23790,1
23790,3
23791,1
23791,19
23791,17
23792,4
23792,5
23792,8
23792,11
23793,15
23794,10
23795,1
23795,3
23796,8
23796,17
23797,1
23797,3
23798,5
23798,8
23798,3
23799,8
23799,15
23799,11
23800,1
23801,5
23801,15
23801,11
23802,1
23803,8
23803,11
23804,8
23804,3
23804,14
23804,11
23805,8
23806,4
23806,1
23806,5
23806,19
23807,11
23807,9
23808,5
23808,8
23808,15
23808,11
23809,1
23809,8
23809,19
23809,3
23809,21
23810,1
23810,8
23810,3
23811,15
23811,18
23811,11
23812,11
23813,15
23813,18
23813,11
23814,8
23815,1
23815,3
23816,1
23816,8
23817,1
23817,8
23818,10
23819,1
23820,1
23820,8
23820,3
23821,11
23822,8
23822,15
23822,3
23822,11
23823,1
23824,8
23825,8
23827,5
23828,8
23828,17
23829,18
23829,11
23830,8
23831,1
23831,8
23831,3
23832,1
23833,8
23834,8
23835,8
23835,3
23836,13
23837,10
23838,8
23838,15
23839,1
23839,2
23840,1
23840,3
23841,2
23841,15
23841,11
23843,5
23843,8
23843,15
23843,11
23844,4
23844,1
23844,8
23845,1
23845,8
23845,3
23846,1
23847,4
23847,7
23847,11
23848,5
23848,8
23848,11
23849,8
23850,8
23850,12
23850,3
23850,11
23850,20
23851,18
23852,16
23852,8
23853,1
23853,8
23853,3
23854,1
23854,8
23854,11
23855,6
23855,16
23855,8
23855,19
23855,12
23855,20
23856,1
23857,8
23858,8
23859,8
23859,3
23860,8
23861,8
23862,10
23863,1
23863,3
23864,8
23865,1
23866,1
23866,8
23867,1
23867,5
23867,14
23868,10
23869,8
23870,4
23871,15
23871,11
23872,1
23872,8
23873,8
23874,1
23874,8
23874,19
23874,17
23874,13
23874,3
23875,8
23876,8
23877,1
23877,5
23877,8
23877,11
23878,10
23879,8
23879,2
23879,18
23879,11
23880,1
23880,8
23880,18
23880,11
23880,9
23881,4
23881,5
23881,12
23882,4
23882,7
23882,1
23882,8
23882,19
23882,14
23882,21
23883,9
23884,1
23884,3
23885,4
23885,8
23886,8
23887,1
23887,3
23887,21
23888,10
23889,1
23889,19
23889,21
23890,6
23890,19
23891,1
23892,1
23892,5
23892,8
23892,17
23893,8
23894,8
23895,1
23895,5
23896,5
23896,8
23896,12
23896,20
23897,8
23898,7
23898,8
23899,4
23899,7
23899,5
23899,8
23899,11
23900,16
23900,8
23901,10
23901,16
23902,8
23903,8
23903,21
23904,10
23904,16
23904,12
23905,16
23905,12
23906,10
23906,17
23907,11
23908,10
23909,10
23909,16
23909,17
23910,1
23910,3
23910,21
23911,1
23911,2
23912,11
23913,8
23914,1
23914,21
23915,8
23915,3
23916,8
23916,11
23917,1
23918,4
23918,8
23918,11
23919,7
23919,15
23920,1
23921,8
23922,15
23924,5
23924,8
23924,11
23925,1
23926,8
23927,4
23927,7
23927,8
23927,3
23927,20
23928,1
23928,8
23929,6
23929,4
23929,7
23929,1
23930,5
23930,8
23930,11
23931,10
23931,21
23932,1
23932,15
23933,1
23934,3
23935,8
23935,2
23935,18
23935,11
23936,10
23936,16
23937,1
23937,8
23937,12
23938,1
23939,1
23940,10
23940,1
23940,20
23941,1
23941,8
23941,3
23942,8
23943,8
23943,14
23945,8
23946,1
23946,8
23947,8
23948,11
23949,10
23950,8
23951,3
23952,8
23952,19
23952,2
23953,10
23953,1
23954,8
23954,3
23955,4
23955,7
23955,8
23955,15
23955,11
23956,15
23957,8
23957,11
23958,4
23958,1
23958,15
23958,14
23959,16
23959,8
23960,1
23961,8
23961,15
23961,18
23961,11
23962,1
23963,8
23964,8
23964,3
23965,8
23966,4
23966,5
23966,11
23967,8
23968,1
23969,3
23970,8
23971,8
23971,15
23971,11
23972,8
23972,15
23973,4
23973,1
23973,5
23973,8
23974,8
23974,3
23975,6
23975,4
23975,7
23975,19
23975,2
23975,15
23975,14
23976,8
23976,12
23976,20
23977,6
23977,1
23978,1
23978,8
23979,1
23980,18
23980,11
23981,5
23981,8
23981,15
23981,18
23981,11
23982,5
23982,18
23982,11
23983,8
23984,4
23984,7
23984,9
23985,1
23986,1
23987,1
23987,3
23988,11
23989,10
23989,17
23990,16
23990,8
23990,3
23990,20
23991,10
23992,1
23992,8
23992,3
23993,19
23994,15
23995,15
23995,11
23996,8
23996,15
23996,11
23997,1
23998,8
23998,18
23998,3
23999,8
24000,1
24000,8
24001,1
24001,5
24001,8
24002,3
24003,10
24004,8
24005,15
24006,6
24006,1
24007,4
24007,5
24007,8
24008,8
24009,8
24010,2
24010,11
24011,1
24012,15
24012,18
24012,11
24013,10
24014,8
24014,12
24014,9
24015,8
24015,19
24016,8
24017,4
24017,5
24017,11
24018,10
24019,1
24020,10
24020,21
24021,8
24022,1
24023,4
24024,1
24025,1
24025,8
24025,19
24026,8
24027,4
24027,8
24027,11
24028,8
24028,3
24028,14
24029,8
24030,10
24031,1
24031,8
24031,3
24032,8
24033,18
24034,1
24034,5
24034,15
24035,4
24036,11
24037,8
24037,18
24038,1
24039,7
24040,8
24041,8
24041,20
24042,8
24043,8
24044,8
24045,8
24046,8
24047,16
24047,5
24047,8
24047,12
24047,18
24047,11
24048,8
24048,3
24048,21
24049,7
24049,1
24049,8
24050,8
24051,1
24051,8
24051,3
24052,5
24052,11
24053,1
24053,8
24054,8
24055,8
24055,12
24055,20
24056,8
24057,3
24058,16
24058,12
24059,8
24060,8
24060,2
24060,14
24061,5
24061,18
24061,11
24062,8
24063,1
24063,8
24063,3
24064,1
24064,3
24065,8
24066,7
24066,19
24067,3
24069,3
24071,7
24071,5
24071,18
24071,3
24071,11
24072,10
24073,11
24074,1
24074,8
24075,4
24075,1
24075,5
24076,8
24076,12
24077,8
24077,3
24078,4
24078,5
24078,11
24078,9
24079,1
24079,8
24079,17
24080,5
24080,8
24080,11
24081,1
24082,8
24082,19
24082,3
24083,1
24084,6
24084,1
24084,2
24085,10
24086,15
24086,3
24086,11
24087,1
24088,4
24088,1
24088,5
24088,8
24089,8
24090,1
24091,8
24091,11
24092,1
24093,1
24094,1
24095,8
24095,19
24096,11
24097,11
24098,8
24098,3
24099,10
24100,10
24100,16
24101,1
24102,1
24102,3
24103,8
24104,1
24104,5
24104,8
24105,16
24105,1
24106,13
24107,1
24108,8
24109,8
24110,8
24110,19
24111,18
24111,11
24112,4
24112,5
24112,8
24113,8
24113,3
24114,8
24115,1
24115,19
24116,10
24116,12
24116,20
24117,10
24118,8
24119,1
24120,16
24120,8
24121,4
24121,8
24121,11
24122,7
24122,2
24122,14
24123,5
24123,8
24123,12
24123,17
24123,13
24124,4
24124,1
24124,5
24125,1
24125,3
24126,10
24126,21
24127,1
24127,8
24127,3
24128,15
24129,8
24130,8
24131,7
24132,8
24132,15
24132,18
24133,16
24133,8
24133,12
24133,11
24133,20
24134,1
24134,8
24135,1
24136,8
24137,1
24138,4
24138,7
24138,11
24139,5
24139,8
24139,18
24140,8
24141,3
24142,5
24142,8
24142,15
24142,11
24143,8
24143,3
24144,11
24145,1
24146,14
24146,11
24147,1
24147,8
24147,3
24148,8
24148,3
24149,6
24149,7
24149,19
24150,1
24150,8
24151,1
24151,8
24151,3
24152,8
24153,8
24154,5
24154,8
24154,9
24155,5
24155,8
24155,18
24155,11
24156,1
24156,8
24157,1
24157,8
24158,8
24159,8
24159,14
24160,1
24161,3
24162,5
24162,8
24162,17
24162,3
24163,7
24163,1
24164,1
24164,8
24165,5
24165,8
24165,11
24166,4
24166,5
24166,2
24166,11
24167,1
24168,1
24168,8
24168,3
24169,1
24169,15
24170,11
24171,10
24171,12
24171,27
24172,8
24172,3
24173,1
24173,11
24174,19
24174,3
24174,21
24175,1
24175,8
24175,14
24176,1
24176,8
24176,3
24177,8
24178,4
24178,8
24179,10
24180,8
24181,8
24181,2
24182,1
24183,8
24183,15
24183,18
24183,11
24184,8
24185,16
24185,1
24185,8
24186,15
24186,11
24187,1
24187,8
24188,1
24189,1
24190,8
24191,1
24192,1
24192,18
24192,3
24193,15
24194,8
24195,8
24195,11
24196,1
24196,8
24197,7
24197,19
24198,8
24199,8
24199,19
24200,11
24201,1
24202,7
24202,8
24202,12
24203,1
24203,3
24204,1
24204,8
24205,8
24205,3
24206,1
24207,15
24207,11
24208,8
24209,1
24210,8
24211,11
24212,8
24213,8
24214,1
24214,8
24215,8
24216,8
24216,3
24217,1
24217,3
24218,6
24218,7
24218,19
24218,2
24218,18
24219,15
24220,8
24220,19
24221,4
24221,8
24221,3
24221,20
24222,5
24222,19
24222,18
24223,1
24224,15
24225,8
24225,19
24226,8
24227,15
24228,16
24228,8
24229,1
24229,8
24229,3
24230,1
24231,1
24231,3
24232,19
24233,7
24233,1
24233,8
24234,8
24234,3
24235,8
24235,3
24237,8
24239,1
24240,8
24241,8
24242,8
24242,3
24243,15
24243,11
24244,8
24245,1
24245,8
24246,7
24246,1
24246,2
24246,3
24246,14
24247,1
24247,21
24248,16
24248,8
24248,21
24249,1
24249,2
24250,4
24251,10
24251,1
24252,8
24253,4
24253,7
24253,1
24253,15
24253,14
24253,11
24254,8
24254,21
24255,15
24256,8
24257,8
24258,8
24259,1
24259,8
24260,18
24260,3
24260,11
24261,1
24261,3
24262,8
24262,9
24263,19
24264,1
24264,19
24264,2
24264,3
24265,1
24266,1
24266,8
24266,3
24267,1
24267,8
24267,17
24268,8
24268,3
24269,10
24269,8
24270,15
24270,11
24271,4
24272,1
24272,8
24272,3
24274,1
24274,3
24275,5
24275,8
24275,11
24276,4
24276,5
24277,8
24278,5
24278,8
24278,11
24279,8
24279,3
24280,15
24281,7
24281,8
24281,3
24282,15
24283,5
24283,8
24283,18
24284,10
24285,4
24285,5
24285,8
24286,8
24287,10
24287,17
24288,8
24289,8
24289,3
24290,1
24291,15
24291,3
24292,8
24293,8
24293,2
24293,18
24293,11
24294,1
24294,8
24295,4
24295,7
24295,1
24295,5
24295,8
24295,3
24296,8
24296,15
24296,3
24297,8
24297,3
24298,5
24298,8
24298,11
24299,8
24300,1
24301,8
24302,8
24302,11
24303,7
24303,1
24303,2
24304,7
24304,16
24304,8
24304,12
24304,21
24305,1
24305,19
24305,3
24306,10
24307,5
24307,8
24308,1
24309,8
24309,3
24310,1
24310,21
24311,8
24312,5
24312,8
24312,11
24313,4
24313,7
24313,1
24313,8
24313,19
24314,4
24314,7
24314,1
24315,8
24315,2
24315,14
24316,4
24316,1
24316,5
24316,3
24317,1
24317,8
24317,19
24318,5
24318,8
24319,8
24319,13
24319,3
24320,4
24320,1
24320,8
24320,12
24320,20
24321,3
24322,1
24322,3
24323,1
24323,11
24324,8
24325,10
24326,16
24326,12
24326,20
24327,5
24327,11
24328,1
24328,8
24329,8
24330,1
24330,5
24330,8
24330,12
24331,11
24332,15
24333,4
24333,7
24333,18
24334,18
24334,11
24335,1
24335,8
24335,19
24336,19
24337,8
24337,3
24338,4
24338,7
24338,15
24338,11
24339,1
24340,1
24341,10
24342,8
24343,5
24343,8
24344,8
24345,10
24345,5
24346,8
24347,8
24347,3
24348,8
24349,8
24350,1
24350,8
24351,1
24352,1
24353,15
24354,8
24355,8
24355,18
24355,11
24356,10
24356,17
24357,5
24357,15
24357,11
24358,5
24358,11
24359,8
24359,15
24359,11
24360,8
24361,10
24362,10
24363,8
24364,1
24364,3
24365,8
24366,4
24366,8
24366,18
24367,16
24367,8
24367,17
24368,7
24368,19
24369,1
24369,8
24370,10
24371,1
24372,8
24372,3
24373,8
24374,8
24374,11
24375,1
24375,3
24376,8
24377,8
24378,1
24378,21
24379,1
24379,8
24379,3
24380,15
24381,4
24381,1
24381,15
24381,14
24381,11
24382,2
24382,15
24382,14
24382,11
24383,8
24384,8
24385,11
24386,1
24386,8
24386,13
24386,3
24387,9
24388,4
24388,8
24389,2
24389,15
24389,11
24390,8
24391,10
24392,10
24393,8
24393,3
24394,8
24395,5
24396,16
24396,8
24396,12
24396,20
24397,16
24397,8
24397,12
24398,10
24399,1
24399,3
24400,18
24401,15
24402,10
24402,16
24403,10
24404,15
24404,18
24404,11
24405,1
24406,8
24406,18
24407,7
24407,8
24408,8
24409,10
24410,15
24411,4
24412,4
24412,8
24413,1
24414,1
24415,16
24415,8
24416,10
24416,16
24416,17
24417,5
24417,8
24418,10
24419,4
24419,5
24419,3
24419,11
24420,4
24420,14
24420,11
24421,15
24422,8
24422,12
24423,10
24423,5
24423,12
24423,27
24423,20
24424,4
24424,5
24424,11
24425,8
24425,17
24426,1
24427,8
24428,8
24429,8
24430,1
24431,8
24432,11
24433,1
24434,1
24434,5
24435,4
24435,5
24435,8
24436,8
24436,12
24437,1
24438,8
24439,8
24440,8
24441,5
24441,11
24442,4
24442,8
24443,4
24443,15
24444,5
24444,8
24444,18
24444,11
24445,1
24446,15
24446,11
24447,8
24448,1
24449,8
24449,3
24450,4
24450,7
24451,5
24452,1
24452,8
24452,3
24453,1
24453,2
24454,6
24454,4
24454,7
24454,19
24454,14
24454,11
24455,15
24456,8
24457,10
24458,4
24458,7
24458,2
24458,15
24458,11
24459,10
24460,8
24460,11
24461,1
24461,19
24461,2
24461,17
24462,15
24462,18
24463,1
24463,8
24464,4
24464,7
24464,1
24464,5
24465,1
24466,16
24467,1
24467,19
24468,1
24469,8
24469,3
24470,8
24470,3
24470,11
24470,9
24471,8
24472,15
24472,18
24472,14
24473,10
24474,4
24474,15
24474,14
24475,11
24476,15
24477,5
24477,8
24477,3
24477,11
24478,8
24478,21
24479,15
24480,1
24480,8
24481,8
24481,18
24481,14
24481,11
24482,8
24482,11
24483,8
24484,8
24484,19
24485,4
24485,8
24485,11
24486,4
24486,5
24486,8
24486,11
24487,11
24488,14
24489,8
24490,5
24490,8
24490,11
24491,1
24491,8
24491,3
24492,1
24492,8
24493,1
24493,19
24494,8
24494,3
24495,8
24496,8
24497,1
24497,8
24498,1
24498,15
24499,1
24499,8
24500,1
24501,8
24502,8
24503,1
24503,3
24504,10
24505,20
24506,8
24507,11
24508,1
24509,15
24510,1
24511,1
24511,8
24512,1
24513,16
24513,8
24513,12
24513,3
24514,8
24515,4
24515,1
24515,5
24516,8
24517,1
24518,5
24518,8
24519,1
24519,8
24520,8
24520,18
24520,11
24521,8
24521,3
24522,8
24523,5
24523,8
24523,11
24524,4
24524,7
24524,2
24525,7
24525,19
24525,9
24526,10
24527,1
24527,5
24527,8
24527,3
24528,1
24528,8
24529,8
24530,1
24531,1
24532,1
24533,4
24533,5
24533,8
24533,11
24534,10
24535,1
24535,8
24535,3
24536,1
24536,3
24537,1
24537,3
24538,1
24539,8
24540,4
24540,5
24540,8
24540,11
24541,8
24541,3
24542,8
24543,8
24544,1
24544,14
24545,4
24545,7
24545,15
24545,18
24545,14
24545,11
24546,8
24546,15
24546,11
24547,1
24548,11
24549,7
24549,8
24550,12
24551,4
24551,8
24552,8
24553,8
24553,11
24554,5
24554,8
24555,12
24556,8
24557,1
24557,14
24558,8
24558,11
24559,1
24559,8
24559,3
24560,1
24560,8
24561,8
24561,3
24562,1
24562,8
24562,3
24563,5
24563,8
24563,18
24564,15
24564,18
24564,11
24565,8
24565,3
24565,11
24566,8
24566,3
24567,1
24567,8
24567,3
24568,8
24568,3
24569,5
24569,8
24570,8
24570,19
24570,21
24571,16
24571,8
24571,12
24572,8
24573,8
24574,1
24574,8
24575,1
24575,8
24575,3
24576,16
24576,8
24576,12
24577,1
24577,8
24577,15
24577,18
24577,11
24578,1
24578,8
24578,3
24579,8
24579,12
24579,3
24579,11
24580,5
24580,8
24580,11
24581,4
24582,8
24582,12
24582,20
24583,1
24583,8
24584,1
24584,2
24585,10
24585,8
24586,8
24587,8
24588,1
24589,15
24589,11
24590,1
24590,15
24591,8
24592,1
24592,3
24593,8
24594,1
24595,5
24596,8
24596,19
24596,21
24597,1
24598,8
24599,8
24600,15
24600,18
24600,11
24601,4
24601,3
24602,8
24603,6
24603,7
24603,1
24603,19
24603,2
24603,14
24604,1
24605,8
24606,3
24607,8
24608,8
24608,17
24609,8
24610,4
24610,5
24610,11
24611,10
24612,6
24612,2
24612,3
24613,8
24614,11
24615,4
24615,1
24617,15
24618,1
24619,10
24620,15
24620,11
24621,8
24622,8
24623,10
24623,21
24624,8
24625,8
24625,14
24626,3
24627,10
24628,1
24628,8
24629,8
24629,3
24630,15
24631,8
24633,1
24633,8
24634,5
24634,8
24635,18
24635,3
24635,11
24636,1
24637,8
24638,1
24639,1
24640,3
24640,11
24641,11
24642,2
24642,15
24642,18
24642,14
24643,8
24643,18
24643,3
24644,5
24644,8
24645,1
24646,1
24647,1
24647,8
24647,2
24648,8
24648,3
24649,1
24649,3
24650,8
24650,11
24651,6
24651,7
24651,1
24651,19
24651,2
24652,8
24653,1
24653,8
24653,3
24654,8
24654,13
24654,3
24654,20
24655,8
24656,8
24656,3
24657,1
24657,3
24658,11
24659,15
24659,11
24660,12
24661,5
24661,11
24662,8
24663,1
24663,5
24663,8
24663,15
24663,11
24664,8
24665,7
24665,8
24665,19
24666,8
24666,11
24667,8
24668,8
24669,1
24670,2
24671,8
24672,8
24672,12
24672,20
24673,1
24674,1
24674,5
24675,1
24676,8
24677,8
24678,1
24678,3
24679,5
24679,18
24679,11
24680,5
24680,8
24680,18
24680,11
24681,4
24681,16
24681,8
24681,12
24681,20
24682,10
24683,10
24684,10
24685,10
24686,1
24687,1
24687,8
24689,10
24690,8
24691,11
24692,8
24693,1
24694,7
24694,1
24694,8
24694,19
24695,10
24696,18
24697,1
24697,3
24698,8
24699,8
24699,11
24700,1
24701,8
24701,20
24702,10
24702,16
24702,20
24703,8
24704,1
24704,3
24705,4
24705,8
24705,12
24705,20
24706,1
24706,15
24707,1
24707,15
24707,11
24708,1
24709,8
24710,10
24711,8
24711,20
24712,8
24713,4
24713,1
24713,11
24714,1
24714,8
24715,15
24716,15
24716,14
24716,11
24717,5
24717,8
24717,14
24717,11
24718,8
24719,10
24720,10
24721,4
24721,5
24721,8
24722,1
24722,2
24723,8
24723,18
24723,14
24723,11
24724,8
24724,3
24724,11
24725,1
24725,8
24726,6
24726,7
24726,19
24726,2
24727,4
24727,8
24727,11
24728,8
24729,5
24730,10
24730,19
24731,4
24731,5
24731,8
24731,12
24731,9
24732,8
24733,8
24734,8
24735,4
24736,1
24737,1
24737,8
24737,3
24738,8
24739,1
24739,8
24739,3
24740,10
24740,17
24741,1
24741,3
24742,8
24743,1
24743,8
24744,7
24745,1
24745,8
24745,3
24746,4
24746,8
24747,1
24747,5
24747,8
24747,11
24748,1
24748,8
24748,3
24749,1
24750,8
24750,11
24750,20
24751,5
24751,8
24751,15
24751,11
24752,15
24752,11
24753,1
24753,8
24754,8
24755,1
24756,1
24757,8
24758,11
24759,1
24759,8
24760,8
24761,1
24762,1
24762,3
24763,3
24764,8
24764,20
24765,8
24765,3
24766,8
24767,1
24767,18
24768,5
24768,8
24768,18
24768,3
24768,11
24769,8
24770,8
24771,1
24771,14
24772,10
24772,16
24773,1
24774,15
24774,18
24774,11
24775,1
24776,1
24777,8
24778,8
24778,11
24779,8
24779,3
24780,4
24780,1
24780,8
24780,3
24781,8
24782,1
24783,1
24784,8
24784,3
24785,1
24786,1
24786,19
24787,8
24787,15
24787,11
24788,5
24788,8
24788,18
24788,11
24788,20
24789,8
24790,8
24791,7
24791,1
24791,11
24792,11
24793,4
24794,15
24795,15
24796,1
24797,8
24798,1
24799,8
24800,8
24801,15
24802,10
24803,15
24804,16
24804,8
24804,12
24804,20
24805,8
24806,10
24806,17
24807,10
24808,15
24808,11
24809,10
24810,10
24811,8
24812,8
24813,19
24814,8
24815,10
24816,10
24817,5
24817,8
24817,19
24818,8
24818,11
24819,10
24820,5
24820,8
24821,4
24821,15
24821,14
24822,1
24823,1
24824,8
24825,8
24825,3
24826,10
24827,16
24827,12
24827,20
24828,10
24828,16
24828,17
24829,19
24830,8
24830,3
24830,11
24831,5
24831,8
24831,11
24832,8
24832,2
24832,14
24832,11
24833,5
24833,18
24833,11
24834,5
24834,8
24835,1
24835,5
24836,19
24836,2
24837,1
24837,3
24838,8
24839,7
24840,1
24841,10
24842,1
24842,8
24843,10
24843,17
24844,1
24844,13
24845,8
24845,3
24846,4
24846,15
24846,14
24846,11
24847,13
24848,15
24848,11
24849,15
24851,10
24852,4
24852,7
24852,15
24852,11
24853,5
24853,18
24853,11
24854,8
24854,2
24854,15
24854,3
24854,11
24855,4
24855,7
24855,15
24855,11
24856,4
24856,1
24857,8
24857,3
24858,10
24858,5
24858,20
24859,15
24859,11
24861,8
24862,10
24862,16
24862,12
24862,20
24863,1
24863,3
24864,8
24864,3
24864,11
24865,1
24866,15
24866,18
24866,11
24867,5
24867,8
24867,13
24867,3
24868,8
24869,4
24869,8
24870,7
24871,5
24871,8
24871,18
24872,8
24872,15
24872,18
24872,11
24873,5
24873,8
24873,18
24873,11
24874,4
24875,8
24875,18
24875,11
24876,8
24877,1
24877,8
24877,2
24878,1
24878,8
24878,3
24879,1
24880,8
24881,10
24882,5
24882,8
24882,18
24883,14
24883,11
24884,8
24885,8
24886,8
24887,15
24887,18
24887,11
24888,8
24889,8
24890,1
24891,1
24892,1
24892,3
24893,5
24893,8
24894,10
24895,16
24895,8
24895,12
24895,11
24896,16
24896,8
24897,8
24897,15
24897,11
24898,15
24898,11
24899,8
24900,8
24901,16
24901,8
24901,12
24901,20
24902,8
24902,11
24903,4
24903,7
24903,1
24903,9
24904,4
24904,5
24904,11
24905,1
24905,8
24906,4
24906,16
24906,5
24906,8
24907,17
24908,5
24908,8
24908,18
24908,11
24909,1
24909,3
24910,8
24911,10
24912,10
24913,6
24913,19
24914,10
24914,16
24915,15
24916,1
24916,8
24917,8
24917,18
24917,11
24918,8
24919,1
24920,1
24920,15
24921,8
24922,17
24923,8
24924,15
24924,11
24925,4
24925,19
24926,4
24926,5
24926,8
24926,11
24927,1
24928,8
24928,11
24929,10
24930,10
24931,8
24932,10
24933,10
24934,1
24934,15
24935,5
24935,8
24935,15
24935,18
24935,11
24936,5
24936,8
24936,11
24937,10
24938,10
24939,8
24940,8
24940,18
24941,7
24941,8
24941,18
24942,9
24943,15
24943,11
24944,1
24944,8
24944,3
24945,8
24946,1
24947,8
24948,10
24949,5
24949,8
24949,11
24950,10
24951,8
24952,1
24953,10
24954,8
24955,8
24955,11
24956,19
24957,10
24957,1
24958,7
24958,2
24960,8
24961,10
24962,8
24963,7
24963,1
24963,21
24964,1
24965,1
24965,15
24966,19
24967,7
24968,8
24969,11
24970,8
24971,1
24972,16
24972,8
24973,5
24973,8
24974,8
24975,1
24976,1
24977,8
24978,8
24978,15
24978,11
24979,4
24979,8
24980,8
24981,10
24982,8
24983,8
24983,18
24983,11
24984,6
24984,1
24984,2
24985,15
24986,8
24986,3
24987,3
24987,11
24988,8
24989,8
24989,3
24990,8
24991,8
24992,1
24993,1
24993,5
24993,15
24994,1
24994,8
24994,3
24995,4
24995,1
24995,5
24996,6
24996,7
24996,19
24996,14
24997,4
24997,8
24997,19
24997,21
24998,5
24998,8
24998,11
24999,15
24999,11
25000,8
25000,11
25001,1
25001,8
25002,8
25002,20
25003,1
25003,8
25004,11
25005,11
25006,16
25006,8
25006,17
25007,19
25007,21
25008,7
25008,1
25008,15
25008,11
25009,10
25010,1
25010,8
25011,15
25011,14
25012,5
25012,15
25012,11
25013,1
25014,1
25014,15
25015,7
25015,8
25016,2
25016,15
25017,1
25017,8
25017,3
25018,4
25018,8
25018,12
25018,3
25018,11
25018,20
25019,8
25019,3
25019,20
25020,8
25020,3
25020,20
25021,5
25021,8
25021,11
25022,1
25022,8
25023,8
25024,15
25024,11
25025,8
25026,8
25026,3
25026,11
25028,1
25028,8
25028,15
25028,3
25029,15
25030,21
25031,2
25031,15
25031,14
25032,10
25033,1
25033,8
25034,15
25034,11
25035,4
25035,15
25035,14
25036,6
25036,8
25036,2
25036,3
25037,4
25037,1
25037,15
25037,14
25038,15
25038,18
25039,8
25039,12
25040,10
25041,8
25041,13
25042,10
25043,15
25043,14
25043,11
25044,8
25045,5
25045,8
25045,18
25045,3
25045,11
25046,4
25046,8
25046,18
25046,11
25047,8
25047,14
25048,16
25048,8
25048,21
25049,4
25049,1
25049,8
25050,18
25051,8
25051,11
25052,8
25053,10
25054,8
25055,8
25055,3
25056,1
25057,8
25057,3
25058,5
25058,8
25059,8
25060,8
25061,8
25062,4
25062,1
25062,3
25062,14
25063,4
25063,7
25063,1
25063,2
25063,15
25063,18
25063,14
25063,11
25064,11
25065,8
25066,1
25067,8
25068,1
25068,8
25069,10
25070,5
25070,8
25071,8
25072,1
25073,19
25074,8
25074,15
25074,11
25075,8
25075,3
25076,8
25077,4
25077,7
25077,8
25078,15
25078,14
25079,8
25080,8
25081,5
25081,2
25081,15
25081,11
25082,8
25082,18
25083,8
25084,10
25085,8
25085,18
25085,11
25086,1
25086,8
25086,19
25087,10
25087,17
25088,8
25088,2
25089,1
25089,8
25090,1
25090,8
25090,19
25090,14
25091,8
25091,15
25091,18
25091,11
25092,7
25093,1
25093,8
25094,4
25094,1
25094,20
25095,1
25095,3
25096,8
25096,17
25096,3
25097,4
25097,15
25097,14
25098,8
25099,1
25100,1
25100,8
25100,3
25101,6
25101,4
25101,7
25101,1
25101,19
25101,2
25102,1
25103,1
25103,8
25103,3
25104,1
25104,19
25105,4
25105,7
25105,8
25106,11
25107,1
25107,8
25107,3
25108,4
25108,7
25108,2
25108,14
25109,15
25110,5
25110,8
25110,11
25111,1
25111,8
25111,3
25112,8
25112,17
25112,13
25112,3
25113,8
25113,17
25114,5
25114,8
25115,5
25115,8
25115,18
25115,11
25116,12
25116,21
25117,8
25117,18
25117,14
25117,11
25118,11
25119,8
25120,10
25121,1
25121,8
25121,3
25122,8
25123,4
25123,8
25123,3
25123,20
25124,1
25124,5
25124,11
25125,10
25126,8
25126,15
25126,11
25127,6
25127,4
25127,7
25127,1
25127,19
25128,10
25129,1
25130,7
25130,19
25130,2
25131,1
25132,8
25133,1
25133,5
25134,8
25134,3
25135,10
25136,8
25137,16
25137,8
25137,21
25138,1
25139,16
25139,5
25139,8
25140,1
25141,8
25141,3
25142,1
25142,8
25143,8
25144,8
25144,3
25145,1
25146,4
25146,15
25147,3
25148,8
25148,3
25149,16
25150,15
25151,1
25152,8
25152,3
25153,8
25154,1
25155,10
25156,1
25156,17
25157,10
25157,5
25158,7
25158,14
25159,15
25160,1
25160,15
25160,14
25161,8
25162,8
25162,12
25163,8
25164,10
25165,8
25165,2
25166,5
25166,18
25167,8
25167,3
25168,8
25168,12
25169,15
25169,14
25169,11
25170,1
25170,8
25170,19
25170,17
25170,13
25170,3
25171,10
25172,15
25172,13
25172,14
25173,10
25173,1
25173,20
25174,8
25174,17
25174,3
25175,10
25176,1
25176,8
25177,1
25177,8
25177,3
25178,15
25179,10
25180,8
25181,15
25181,14
25181,11
25182,5
25182,11
25183,10
25183,17
25184,10
25185,8
25186,1
25186,3
25187,8
25187,11
25188,8
25189,5
25189,8
25190,8
25190,19
25191,6
25192,10
25193,8
25194,4
25194,1
25195,1
25195,19
25195,2
25196,15
25197,8
25198,6
25198,8
25199,8
25200,4
25200,7
25200,14
25201,8
25202,7
25202,19
25202,2
25202,14
25203,8
25203,14
25203,11
25204,2
25204,15
25204,3
25205,4
25205,8
25205,20
25206,1
25206,3
25207,1
25207,19
25208,4
25208,1
25208,15
25208,14
25209,1
25210,1
25210,19
25210,2
25211,1
25212,8
25212,3
25213,4
25213,1
25214,4
25214,7
25214,5
25214,8
25214,9
25215,8
25215,11
25216,10
25217,8
25218,1
25218,8
25219,15
25219,18
25219,14
25219,11
25220,8
25220,3
25221,8
25221,18
25221,11
25222,1
25222,15
25223,1
25223,8
25223,18
25224,8
25225,1
25226,8
25226,3
25227,1
25227,8
25227,2
25228,2
25228,14
25229,8
25230,1
25231,4
25231,5
25231,11
25232,4
25232,1
25232,5
25232,11
25233,8
25233,17
25234,1
25235,10
25235,17
25236,3
25236,11
25237,4
25237,15
25237,14
25238,5
25238,8
25239,1
25239,8
25240,18
25240,11
25241,6
25241,7
25241,2
25242,5
25243,1
25243,8
25243,20
25244,2
25244,15
25244,11
25245,1
25245,8
25245,17
25245,3
25246,4
25246,7
25246,8
25246,11
25247,1
25248,1
25248,8
25248,3
25249,5
25249,8
25249,14
25249,11
25250,15
25250,18
25250,11
25251,8
25251,3
25251,11
25252,1
25253,10
25254,15
25254,14
25255,4
25255,2
25255,15
25255,18
25255,11
25256,4
25256,5
25256,8
25257,15
25257,18
25257,11
25258,8
25259,1
25260,10
25261,16
25262,4
25262,1
25262,3
25263,1
25263,8
25264,11
25265,1
25265,3
25266,8
25267,8
25268,8
25268,12
25268,11
25268,20
25269,1
25269,3
25270,1
25271,15
25272,8
25272,11
25272,9
25273,8
25274,1
25274,15
25274,14
25275,4
25275,5
25275,8
25275,11
25276,1
25276,15
25276,18
25276,11
25277,10
25277,8
25278,8
25278,15
25279,1
25279,3
25280,5
25280,8
25280,15
25280,11
25281,5
25281,8
25282,5
25282,18
25283,8
25284,4
25284,8
25284,2
25284,14
25284,11
25285,8
25285,21
25286,8
25288,8
25288,12
25288,20
25289,1
25289,8
25289,19
25289,2
25290,5
25290,8
25290,18
25291,1
25292,1
25292,8
25292,3
25292,20
25293,8
25293,3
25293,20
25294,8
25295,10
25295,17
25296,8
25296,3
25296,20
25297,8
25298,1
25298,8
25299,16
25299,8
25299,12
25300,1
25300,8
25300,2
25300,3
25301,10
25302,10
25303,4
25303,8
25303,3
25304,8
25304,3
25304,11
25305,19
25306,1
25307,8
25308,15
25309,10
25310,8
25310,3
25311,8
25312,15
25312,18
25312,11
25313,7
25313,8
25313,19
25314,5
25314,8
25314,11
25315,1
25315,13
25315,3
25316,10
25316,12
25317,1
25317,5
25317,15
25317,11
25318,7
25318,19
25319,4
25319,15
25319,14
25319,11
25320,4
25320,7
25320,1
25321,7
25321,1
25321,8
25321,19
25322,5
25322,8
25322,3
25323,1
25324,8
25325,8
25326,1
25327,8
25327,19
25328,1
25328,15
25329,16
25329,8
25330,5
25330,8
25330,18
25330,11
25331,16
25331,8
25332,15
25333,1
25334,7
25334,2
25335,8
25336,8
25336,12
25337,1
25337,8
25337,3
25338,8
25338,18
25339,4
25339,11
25340,11
25341,16
25341,8
25342,1
25342,5
25343,10
25344,1
25344,8
25344,3
25345,8
25345,11
25346,8
25347,5
25348,1
25349,5
25349,8
25349,11
25350,8
25351,1
25351,5
25351,11
25352,15
25353,10
25355,5
25355,8
25355,18
25356,8
25357,8
25357,3
25358,8
25359,8
25360,1
25361,1
25362,11
25363,8
25364,8
25365,10
25366,15
25367,5
25367,8
25367,21
25368,7
25368,1
25368,19
25369,8
25370,8
25370,2
25370,18
25370,3
25370,11
25371,17
25372,10
25373,5
25373,8
25373,18
25373,11
25374,1
25374,3
25375,5
25375,8
25375,15
25375,18
25375,11
25376,1
25377,5
25377,8
25377,11
25378,8
25379,8
25380,10
25381,8
25382,8
25382,3
25383,10
25384,1
25384,5
25385,16
25385,8
25385,17
25386,8
25387,1
25388,10
25389,1
25391,11
25392,1
25393,8
25393,21
25394,4
25395,1
25396,1
25397,1
25397,8
25397,19
25397,13
25398,8
25398,18
25398,11
25399,6
25399,1
25399,8
25399,2
25400,4
25400,8
25400,9
25401,16
25401,8
